image_id,label
3650945359.jpg,0
1222304315.jpg,0
3457432982.jpg,0
4165541319.jpg,0
3556675221.jpg,0
1336580642.jpg,0
3973659068.jpg,0
3656419119.jpg,0
3471284965.jpg,0
2273730548.jpg,0
2483045169.jpg,0
1539533561.jpg,0
2693766321.jpg,0
4289669666.jpg,0
3176671585.jpg,0
53200283.jpg,0
1396822256.jpg,0
2740084860.jpg,0
1816076936.jpg,0
2318645335.jpg,0
3186714136.jpg,0
2365326310.jpg,0
235479847.jpg,0
2270851426.jpg,0
2005545104.jpg,0
3660043858.jpg,0
1342343254.jpg,0
4000520733.jpg,0
1281314946.jpg,0
3533601057.jpg,0
3624421327.jpg,0
724195836.jpg,0
2154562670.jpg,0
429832892.jpg,0
2795015114.jpg,0
1203861431.jpg,0
459566440.jpg,0
3693127282.jpg,0
954778743.jpg,0
3042546896.jpg,0
3824530434.jpg,0
1408296206.jpg,0
3219226576.jpg,0
553294224.jpg,0
2721367829.jpg,0
539640759.jpg,0
182316349.jpg,0
2235761050.jpg,0
2181262010.jpg,0
2955071995.jpg,0
2243019094.jpg,0
255110661.jpg,0
472839300.jpg,0
3686283354.jpg,0
370269140.jpg,0
4043153792.jpg,0
109816879.jpg,0
2889965946.jpg,0
387432753.jpg,0
2464983758.jpg,0
2717138442.jpg,0
2473268326.jpg,0
1784661840.jpg,0
208548099.jpg,0
697621030.jpg,0
2665787416.jpg,0
2710475925.jpg,0
678699468.jpg,0
1448397186.jpg,0
4088770277.jpg,0
1692621028.jpg,0
2741136173.jpg,0
981961513.jpg,0
3734410646.jpg,0
3964970132.jpg,0
4220488715.jpg,0
2582422304.jpg,0
813697698.jpg,0
3368505651.jpg,0
4165383936.jpg,0
1430955699.jpg,0
692019924.jpg,0
1578564024.jpg,0
29559503.jpg,0
2034410033.jpg,0
910008110.jpg,0
4150882054.jpg,0
2907262343.jpg,0
3526787181.jpg,0
1241243048.jpg,0
1541989559.jpg,0
211163536.jpg,0
3579904762.jpg,0
2612857188.jpg,0
492140725.jpg,0
3385309388.jpg,0
1072326766.jpg,0
815758241.jpg,0
3637527280.jpg,0
2892596636.jpg,0
1758885297.jpg,0
2953075261.jpg,0
922395842.jpg,0
4268397225.jpg,0
2631607520.jpg,0
1331134229.jpg,0
1442345924.jpg,0
537704740.jpg,0
1733574271.jpg,0
3818300635.jpg,0
2642218624.jpg,0
1850723562.jpg,0
2325593378.jpg,0
2720050371.jpg,0
2431396348.jpg,0
1185995427.jpg,0
1795318849.jpg,0
2350570132.jpg,0
3250010085.jpg,0
1785596731.jpg,0
1304015285.jpg,0
319927039.jpg,0
1027796931.jpg,0
478757157.jpg,0
3778585395.jpg,0
2276860012.jpg,0
2173516398.jpg,0
3134495079.jpg,0
3269646431.jpg,0
4204435196.jpg,0
253418223.jpg,0
2555433348.jpg,0
3920433539.jpg,0
3234915269.jpg,0
2807251321.jpg,0
3107856880.jpg,0
749210924.jpg,0
3088622958.jpg,0
2842557158.jpg,0
3435885572.jpg,0
255719939.jpg,0
901404486.jpg,0
201703584.jpg,0
1973051224.jpg,0
3928883065.jpg,0
2599658053.jpg,0
1312991272.jpg,0
3905302037.jpg,0
794817264.jpg,0
4192665082.jpg,0
1674288573.jpg,0
1881994461.jpg,0
1127286868.jpg,0
1094295442.jpg,0
377552461.jpg,0
1535057791.jpg,0
121610069.jpg,0
3770389028.jpg,0
2044199243.jpg,0
3708923477.jpg,0
423771558.jpg,0
2342455447.jpg,0
190698162.jpg,0
1012426959.jpg,0
2591061061.jpg,0
2933959901.jpg,0
90606533.jpg,0
4145595052.jpg,0
3674354159.jpg,0
2233347534.jpg,0
733701690.jpg,0
1236036550.jpg,0
1258444443.jpg,0
2154636640.jpg,0
2339434665.jpg,0
1406654897.jpg,0
164144958.jpg,0
2915539500.jpg,0
2315485719.jpg,0
2146353282.jpg,0
2948468563.jpg,0
4181351157.jpg,0
1763195879.jpg,0
316423437.jpg,0
670519295.jpg,0
2462319978.jpg,0
2383823888.jpg,0
888355689.jpg,0
1270462565.jpg,0
2246807690.jpg,0
1272495783.jpg,0
2027426362.jpg,0
1036959902.jpg,0
544530143.jpg,0
29400522.jpg,0
3368595399.jpg,0
4223665750.jpg,0
3249336274.jpg,0
3573249940.jpg,0
1709691411.jpg,0
851450770.jpg,0
695167489.jpg,0
3995859683.jpg,0
244407780.jpg,0
2177675284.jpg,0
49247184.jpg,0
2945964157.jpg,0
3649693860.jpg,0
3493597952.jpg,0
1905806148.jpg,0
3540803278.jpg,0
2363265177.jpg,0
1003888281.jpg,0
827134808.jpg,0
3372358709.jpg,0
416062259.jpg,0
3934839031.jpg,0
2559666155.jpg,0
2261678500.jpg,0
291787943.jpg,0
988174802.jpg,0
1806336706.jpg,0
1957663737.jpg,0
2896421172.jpg,0
2974027386.jpg,0
2440838390.jpg,0
2653588387.jpg,0
1909574970.jpg,0
3950261672.jpg,0
3306255309.jpg,0
2258402011.jpg,0
3483344406.jpg,0
3197802027.jpg,0
2343776715.jpg,0
4040102956.jpg,0
3051263035.jpg,0
566571284.jpg,0
344288315.jpg,0
2174393587.jpg,0
2150625929.jpg,0
798023657.jpg,0
58780369.jpg,0
2653828415.jpg,0
1426129628.jpg,0
3368561907.jpg,0
1218204606.jpg,0
2373132884.jpg,0
1797773732.jpg,0
1474376023.jpg,0
2552592093.jpg,0
2052193319.jpg,0
1078590865.jpg,0
1292954141.jpg,0
436868168.jpg,0
1166973570.jpg,0
3955442838.jpg,0
4224082964.jpg,0
2109198789.jpg,0
476858432.jpg,0
2522608813.jpg,0
25519336.jpg,0
775831061.jpg,0
2772545038.jpg,0
944255811.jpg,0
2819885255.jpg,0
3413149507.jpg,0
2394377949.jpg,0
4060802139.jpg,0
2503003890.jpg,0
125207834.jpg,0
3187755920.jpg,0
136815898.jpg,0
3476081387.jpg,0
3602702041.jpg,0
3684621874.jpg,0
2142120980.jpg,0
2504222536.jpg,0
2265156316.jpg,0
1702068619.jpg,0
2932123995.jpg,0
2517495253.jpg,0
1443500189.jpg,0
543908014.jpg,0
3258193135.jpg,0
3184759653.jpg,0
2678764657.jpg,0
67533463.jpg,0
3611370404.jpg,0
1981073260.jpg,0
2267434559.jpg,0
2944536503.jpg,0
2989643303.jpg,0
3966256467.jpg,0
1536737469.jpg,0
3115344482.jpg,0
353746186.jpg,0
4044444164.jpg,0
3724194878.jpg,0
3335121390.jpg,0
3257227990.jpg,0
1089759212.jpg,0
1629534694.jpg,0
1919668160.jpg,0
4074421218.jpg,0
2347718160.jpg,0
599325048.jpg,0
550691642.jpg,0
256556025.jpg,0
3687557580.jpg,0
335378674.jpg,0
3490931185.jpg,0
1261540961.jpg,0
4117744697.jpg,0
987080644.jpg,0
657031133.jpg,0
1942147134.jpg,0
65328715.jpg,0
2203204324.jpg,0
261768285.jpg,0
1823619640.jpg,0
1876922129.jpg,0
3094956073.jpg,0
313266547.jpg,0
2170826967.jpg,0
3775082960.jpg,0
3288990051.jpg,0
807777679.jpg,0
1924360069.jpg,0
3361317754.jpg,0
410556634.jpg,0
1287334854.jpg,0
1383020993.jpg,0
1103304372.jpg,0
3483976821.jpg,0
1966222636.jpg,0
1774675464.jpg,0
2591969481.jpg,0
3398825087.jpg,0
471733925.jpg,0
1312770396.jpg,0
1332424855.jpg,0
2465664646.jpg,0
1328372449.jpg,0
3162418489.jpg,0
3163012106.jpg,0
4293589004.jpg,0
3205585005.jpg,0
3974644689.jpg,0
2903907923.jpg,0
3143832551.jpg,0
102039365.jpg,0
2183340836.jpg,0
2944161091.jpg,0
1412788738.jpg,0
1396847821.jpg,0
435094576.jpg,0
2813723824.jpg,0
2207027505.jpg,0
2753653261.jpg,0
3757075482.jpg,0
678707458.jpg,0
2054830345.jpg,0
3533209606.jpg,0
2007737070.jpg,0
296987551.jpg,0
1889205491.jpg,0
2519536403.jpg,0
1551517348.jpg,0
715785641.jpg,0
3214730186.jpg,0
1465774459.jpg,0
4237476054.jpg,0
3074981220.jpg,0
1926670152.jpg,0
986965803.jpg,0
208444967.jpg,0
2617765379.jpg,0
1026467332.jpg,0
396829878.jpg,0
1752693374.jpg,0
3514831407.jpg,0
2393701311.jpg,0
1326787301.jpg,0
3894043891.jpg,0
3097941467.jpg,0
3555410429.jpg,0
1889215655.jpg,0
2940233284.jpg,0
1795774689.jpg,0
3939876859.jpg,0
4096337072.jpg,0
3031879144.jpg,0
1837622218.jpg,0
630211324.jpg,0
3207502224.jpg,0
2680198267.jpg,0
4232363601.jpg,0
1681772018.jpg,0
878188830.jpg,0
3276323574.jpg,0
2766931963.jpg,0
342958683.jpg,0
2559696276.jpg,0
3454534975.jpg,0
3077845683.jpg,0
1024089865.jpg,0
79867712.jpg,0
1573602024.jpg,0
3982901070.jpg,0
2353511211.jpg,0
3485603790.jpg,0
1828496803.jpg,0
2263743432.jpg,0
3132012439.jpg,0
292918886.jpg,0
4174034867.jpg,0
257165521.jpg,0
3594749275.jpg,0
3553878956.jpg,0
3283292871.jpg,0
2722340963.jpg,0
3979130498.jpg,0
87703299.jpg,0
3919110751.jpg,0
4288369732.jpg,0
324248837.jpg,0
812733394.jpg,0
3440475449.jpg,0
478400081.jpg,0
3739021598.jpg,0
1609948219.jpg,0
1841269407.jpg,0
272565243.jpg,0
3968083899.jpg,0
1796303978.jpg,0
4135070493.jpg,0
1315872826.jpg,0
1557580898.jpg,0
2167218965.jpg,0
478036306.jpg,0
2593776626.jpg,0
3162831635.jpg,0
2934640241.jpg,0
1152631724.jpg,0
4145471533.jpg,0
1522449555.jpg,0
3986774650.jpg,0
2776235541.jpg,0
3130882314.jpg,0
2198388199.jpg,0
251711364.jpg,0
300508785.jpg,0
3523659784.jpg,0
3010280604.jpg,0
4207597254.jpg,0
561444501.jpg,0
1000015157.jpg,0
2538012199.jpg,0
2356938780.jpg,0
2448969787.jpg,0
2221240763.jpg,0
833082515.jpg,0
3889664923.jpg,0
3298994120.jpg,0
3762414961.jpg,0
3246642151.jpg,0
868275841.jpg,0
2832996503.jpg,0
1668838224.jpg,0
2626785894.jpg,0
1497853421.jpg,0
2999350296.jpg,0
593244106.jpg,0
3676057452.jpg,0
800501715.jpg,0
1357797590.jpg,0
897638042.jpg,0
1700812370.jpg,0
2368198157.jpg,0
2963010825.jpg,0
2028087473.jpg,0
3860607414.jpg,0
1929510475.jpg,0
1276802461.jpg,0
2116979707.jpg,0
1519337929.jpg,0
2157322964.jpg,0
2998136552.jpg,0
2255774334.jpg,0
1546870332.jpg,0
3589202621.jpg,0
4159967753.jpg,0
3643480526.jpg,0
1529293180.jpg,0
2298308938.jpg,0
860744310.jpg,0
1616824359.jpg,0
1085950509.jpg,0
423288187.jpg,0
1739864126.jpg,0
986999751.jpg,0
3636294049.jpg,0
25658571.jpg,0
3340101218.jpg,0
1650008995.jpg,0
3126103788.jpg,0
1540668864.jpg,0
167313296.jpg,0
1021758544.jpg,0
4177391802.jpg,0
3385271207.jpg,0
3682266975.jpg,0
2761769890.jpg,0
1298789590.jpg,0
814722861.jpg,0
186394398.jpg,0
1805115397.jpg,0
3715954473.jpg,0
1521850100.jpg,0
3195215192.jpg,0
3699866059.jpg,0
171546937.jpg,0
1148829591.jpg,0
1439675422.jpg,0
3485891168.jpg,0
2945652044.jpg,0
3864626212.jpg,0
2731257282.jpg,0
2696226006.jpg,0
1075249116.jpg,0
2967030825.jpg,0
303061561.jpg,0
3243085170.jpg,0
3836245009.jpg,0
2376221892.jpg,0
3443846811.jpg,0
2452042158.jpg,0
2642869227.jpg,0
2005257030.jpg,0
3253305739.jpg,0
3792140986.jpg,0
2599515864.jpg,0
2474050099.jpg,0
1678311318.jpg,0
1052095724.jpg,0
4250210058.jpg,0
337218970.jpg,0
1252793337.jpg,0
2023813792.jpg,0
748029556.jpg,0
2046239409.jpg,0
3844780526.jpg,0
2384802478.jpg,0
3546582626.jpg,0
3384944329.jpg,0
3290949725.jpg,0
298282454.jpg,0
3889376143.jpg,0
3980578262.jpg,0
2652140476.jpg,0
2468469374.jpg,0
3614778275.jpg,0
3749019108.jpg,0
2428617984.jpg,0
2522350885.jpg,0
1299200628.jpg,0
726818817.jpg,0
2809101504.jpg,0
3350054434.jpg,0
1456612395.jpg,0
2529150821.jpg,0
1355825847.jpg,0
822120250.jpg,0
677634085.jpg,0
3516603497.jpg,0
3535017534.jpg,0
1033403106.jpg,0
2478144118.jpg,0
3249179889.jpg,0
422752547.jpg,0
1149243998.jpg,0
1635220625.jpg,0
2524433786.jpg,0
3109105894.jpg,0
4073523035.jpg,0
2553757426.jpg,0
2972586546.jpg,0
785146800.jpg,0
938858274.jpg,0
3805200386.jpg,0
3536435427.jpg,0
1960345472.jpg,0
2274473837.jpg,0
1048147223.jpg,0
3591683248.jpg,0
2253776549.jpg,0
4088249542.jpg,0
1824992309.jpg,0
1697161067.jpg,0
1403068754.jpg,0
2914654588.jpg,0
1071960213.jpg,0
2353083243.jpg,0
3739988988.jpg,0
65949096.jpg,0
3882757126.jpg,0
2308841380.jpg,0
2562484924.jpg,0
3483301254.jpg,0
532081653.jpg,0
1774492072.jpg,0
441579945.jpg,0
1371699817.jpg,0
688489193.jpg,0
127464350.jpg,0
3566652312.jpg,0
2078899075.jpg,0
4257577206.jpg,0
2571585254.jpg,0
1569164715.jpg,0
1303876802.jpg,0
3974310104.jpg,0
3125296469.jpg,0
2606913774.jpg,0
1722126168.jpg,0
2021674610.jpg,0
1877332484.jpg,0
2746592170.jpg,0
886449535.jpg,0
3040337109.jpg,0
1463935986.jpg,0
450167036.jpg,0
2881921977.jpg,0
3295243647.jpg,0
3878279808.jpg,0
3469093921.jpg,0
1498477767.jpg,0
1462318476.jpg,0
2708637326.jpg,0
3826670209.jpg,0
1231451126.jpg,0
3211907814.jpg,0
3767196717.jpg,0
142362483.jpg,0
3302044032.jpg,0
2384852516.jpg,0
2012036161.jpg,0
1179913576.jpg,0
2338923245.jpg,0
1750963666.jpg,0
1410898675.jpg,0
534270890.jpg,0
4228006175.jpg,0
381935936.jpg,0
3983622976.jpg,0
1993797048.jpg,0
4056643222.jpg,0
2596858727.jpg,0
3769300962.jpg,0
2169173551.jpg,0
2313023027.jpg,0
3978296365.jpg,0
2203981379.jpg,0
155778794.jpg,0
1490907378.jpg,0
42026505.jpg,0
474493920.jpg,0
3384483790.jpg,0
1200666322.jpg,0
2344567219.jpg,0
830812751.jpg,0
1542749471.jpg,0
2698271190.jpg,0
3368271822.jpg,0
2490112634.jpg,0
57099592.jpg,0
223668500.jpg,0
1052854295.jpg,0
4284674042.jpg,0
421071700.jpg,0
4282894767.jpg,0
2514999111.jpg,0
2953205129.jpg,0
424686742.jpg,0
3556578053.jpg,0
1124291241.jpg,0
1677224730.jpg,0
1907786974.jpg,0
506774842.jpg,0
822532439.jpg,0
406021295.jpg,0
648535358.jpg,0
1569692154.jpg,0
33138536.jpg,0
3378843879.jpg,0
210460809.jpg,0
3263547515.jpg,0
346303870.jpg,0
3504991692.jpg,0
3092422999.jpg,0
4007062391.jpg,0
1051688339.jpg,0
1498912692.jpg,0
224347038.jpg,0
1947066099.jpg,0
3708657911.jpg,0
948363257.jpg,0
1725598881.jpg,0
1458603668.jpg,0
93194372.jpg,0
3548257728.jpg,0
3219439906.jpg,0
1700324452.jpg,0
2164217173.jpg,0
7635457.jpg,0
3924372198.jpg,0
4278878757.jpg,0
3807557163.jpg,0
965919968.jpg,0
2903239369.jpg,0
2399673034.jpg,0
11690064.jpg,0
2713739675.jpg,0
1576606254.jpg,0
4010033110.jpg,0
1652920595.jpg,0
1050949665.jpg,0
2878645903.jpg,0
1182217128.jpg,0
1731652110.jpg,0
552242420.jpg,0
2896379895.jpg,0
3787760414.jpg,0
918534391.jpg,0
272170079.jpg,0
2076904625.jpg,0
916448505.jpg,0
3698640204.jpg,0
183428396.jpg,0
1080407872.jpg,0
4188111262.jpg,0
2583894106.jpg,0
918306924.jpg,0
2372527098.jpg,0
1844847808.jpg,0
1123269893.jpg,0
3402601721.jpg,0
948559323.jpg,0
2423344068.jpg,0
2698127956.jpg,0
948754372.jpg,0
3466223968.jpg,0
592251506.jpg,0
3886831141.jpg,0
3963604072.jpg,0
1740309612.jpg,0
617651411.jpg,0
671675016.jpg,0
2813938477.jpg,0
949963080.jpg,0
530166145.jpg,0
3116498490.jpg,0
1586292581.jpg,0
344993238.jpg,0
815181959.jpg,0
1596468225.jpg,0
3516413675.jpg,0
71608311.jpg,0
1563794954.jpg,0
3789353421.jpg,0
3866571802.jpg,0
4071283452.jpg,0
1444544314.jpg,0
1836048821.jpg,0
3811423890.jpg,0
1411610648.jpg,0
2536030910.jpg,0
253146039.jpg,0
404853146.jpg,0
3142477676.jpg,0
4177392079.jpg,0
3416568166.jpg,0
1468715314.jpg,0
1208930498.jpg,0
1561430411.jpg,0
2500976609.jpg,0
969069572.jpg,0
1780364325.jpg,0
3370458852.jpg,0
927745791.jpg,0
4100817891.jpg,0
102485576.jpg,0
4282010677.jpg,0
1119847734.jpg,0
2641912037.jpg,0
335787453.jpg,0
1932481347.jpg,0
2168664351.jpg,0
403372857.jpg,0
3097440014.jpg,0
3258960112.jpg,0
3903787097.jpg,0
3948282099.jpg,0
3913384912.jpg,0
1990916295.jpg,0
3234847067.jpg,0
2151417299.jpg,0
2523524026.jpg,0
1560029412.jpg,0
4206587190.jpg,0
3749188656.jpg,0
3327250048.jpg,0
770243890.jpg,0
2998282647.jpg,0
4213411330.jpg,0
2746977018.jpg,0
3531276963.jpg,0
1556262944.jpg,0
1553432639.jpg,0
3950368220.jpg,0
2321358067.jpg,0
713216878.jpg,0
746879421.jpg,0
337193250.jpg,0
3734403071.jpg,0
2330534234.jpg,0
2668242529.jpg,0
2255664961.jpg,0
1718658976.jpg,0
1488108256.jpg,0
610968546.jpg,0
3221707185.jpg,0
1545680937.jpg,0
366838317.jpg,0
935723534.jpg,0
1757057989.jpg,0
3228239886.jpg,0
3955391972.jpg,0
2051495839.jpg,0
2143925311.jpg,0
5511383.jpg,0
249609077.jpg,0
1484094890.jpg,0
1708593214.jpg,0
1773875430.jpg,0
2591028452.jpg,0
3951445657.jpg,0
1908179787.jpg,0
2523850258.jpg,0
4172480899.jpg,0
4130341996.jpg,0
808416790.jpg,0
4149439273.jpg,0
755073612.jpg,0
1508217938.jpg,0
3307432740.jpg,0
2499859350.jpg,0
4196856438.jpg,0
4156138691.jpg,0
3609231676.jpg,0
3986748411.jpg,0
814045052.jpg,0
1820254127.jpg,0
3331601570.jpg,0
1001320321.jpg,0
519050764.jpg,0
592477386.jpg,0
1322108824.jpg,0
3262221593.jpg,0
545499966.jpg,0
4091663475.jpg,0
2457479781.jpg,0
952519185.jpg,0
3858873251.jpg,0
2858396640.jpg,0
2008117756.jpg,0
451825559.jpg,0
259197447.jpg,0
2778357931.jpg,0
3938349285.jpg,0
1446872004.jpg,0
3474657752.jpg,0
1857766258.jpg,0
685003567.jpg,0
3221655507.jpg,0
3415013179.jpg,0
2406261775.jpg,0
3925921042.jpg,0
3384095978.jpg,0
564511381.jpg,0
1860121418.jpg,0
3890689694.jpg,0
4200872179.jpg,0
3437755112.jpg,0
2228874754.jpg,0
3346469766.jpg,0
2519456872.jpg,0
790568397.jpg,0
3530560257.jpg,0
2354424014.jpg,0
1466655821.jpg,1
3976044474.jpg,1
712421823.jpg,1
1658413948.jpg,1
4213734588.jpg,1
2381951184.jpg,1
1156464284.jpg,1
1726694302.jpg,1
4081341161.jpg,1
2932008073.jpg,1
1172756697.jpg,1
2735914869.jpg,1
873753078.jpg,1
425031851.jpg,1
3536394674.jpg,1
3413587734.jpg,1
3255013873.jpg,1
191139600.jpg,1
1954401437.jpg,1
632197705.jpg,1
219949624.jpg,1
2425193162.jpg,1
1046486747.jpg,1
3966432707.jpg,1
4250538490.jpg,1
2764717089.jpg,1
2189559385.jpg,1
3610554342.jpg,1
3645241295.jpg,1
3752506067.jpg,1
1272432199.jpg,1
2435051665.jpg,1
4175967929.jpg,1
2605464541.jpg,1
2998838008.jpg,1
2074713873.jpg,1
115829780.jpg,1
2437198013.jpg,1
2705189411.jpg,1
2627491487.jpg,1
2704684004.jpg,1
1567568809.jpg,1
3131524704.jpg,1
4114133209.jpg,1
517018049.jpg,1
3714240352.jpg,1
3609350672.jpg,1
148723715.jpg,1
532038171.jpg,1
1469715307.jpg,1
3089245130.jpg,1
1899678596.jpg,1
1595866872.jpg,1
4282442229.jpg,1
3477094015.jpg,1
2207984247.jpg,1
1514204503.jpg,1
3530097754.jpg,1
4171363767.jpg,1
1633537888.jpg,1
1408964751.jpg,1
1298297542.jpg,1
1706377266.jpg,1
242444737.jpg,1
866506259.jpg,1
801173555.jpg,1
3549070816.jpg,1
3240436783.jpg,1
3789310697.jpg,1
1355521556.jpg,1
4025854027.jpg,1
2704908000.jpg,1
1550131198.jpg,1
985972952.jpg,1
864903108.jpg,1
1514588016.jpg,1
1123847730.jpg,1
1835317288.jpg,1
970899436.jpg,1
1920198241.jpg,1
2870340497.jpg,1
553195372.jpg,1
1317841019.jpg,1
533613162.jpg,1
1176861748.jpg,1
3913747475.jpg,1
3754712410.jpg,1
825877957.jpg,1
2457952630.jpg,1
902429772.jpg,1
1706671174.jpg,1
1593718763.jpg,1
890852512.jpg,1
1120416975.jpg,1
2085823072.jpg,1
3678230189.jpg,1
1203248171.jpg,1
3319077836.jpg,1
3397650599.jpg,1
3939484904.jpg,1
1596461528.jpg,1
2642216511.jpg,1
3341672080.jpg,1
575181306.jpg,1
4284398134.jpg,1
1964968519.jpg,1
3513881408.jpg,1
451431780.jpg,1
3996497470.jpg,1
1116129173.jpg,1
477523981.jpg,1
4048519217.jpg,1
2091940865.jpg,1
159654644.jpg,1
401825012.jpg,1
3269939470.jpg,1
2953610226.jpg,1
3303586699.jpg,1
3652033201.jpg,1
3205007771.jpg,1
626727559.jpg,1
3502149543.jpg,1
2371237551.jpg,1
1698873307.jpg,1
2143275369.jpg,1
2406252701.jpg,1
2557965026.jpg,1
2555847338.jpg,1
987636835.jpg,1
2731692092.jpg,1
1450787226.jpg,1
3199571684.jpg,1
355609204.jpg,1
4093904731.jpg,1
1714696851.jpg,1
546421963.jpg,1
408081310.jpg,1
1391250868.jpg,1
3472250799.jpg,1
3826113040.jpg,1
3181273999.jpg,1
43523745.jpg,1
1205478806.jpg,1
1507118084.jpg,1
1672763395.jpg,1
2139839273.jpg,1
3608399345.jpg,1
2869128816.jpg,1
247787663.jpg,1
3776102541.jpg,1
3501100214.jpg,1
3840399556.jpg,1
4287278405.jpg,1
230268028.jpg,1
1200660912.jpg,1
982241079.jpg,1
3527165610.jpg,1
1285588852.jpg,1
2470191455.jpg,1
1897331783.jpg,1
1085297222.jpg,1
465394840.jpg,1
2328883728.jpg,1
2482667092.jpg,1
1375173494.jpg,1
696867083.jpg,1
752076516.jpg,1
532201178.jpg,1
2924890982.jpg,1
417840962.jpg,1
1452252314.jpg,1
3140588188.jpg,1
3275064872.jpg,1
137128883.jpg,1
3427279599.jpg,1
2390982435.jpg,1
4016073096.jpg,1
3870800967.jpg,1
2143264851.jpg,1
2500939738.jpg,1
1553584181.jpg,1
1873204876.jpg,1
3040241097.jpg,1
1343777320.jpg,1
148469667.jpg,1
1403492344.jpg,1
2617328550.jpg,1
2051629821.jpg,1
3140226583.jpg,1
130508321.jpg,1
3245552311.jpg,1
431411749.jpg,1
1402706671.jpg,1
3888347347.jpg,1
4024341056.jpg,1
3151613826.jpg,1
3416705012.jpg,1
2760272941.jpg,1
534568222.jpg,1
354223592.jpg,1
2604713994.jpg,1
318812072.jpg,1
1191974622.jpg,1
2021239499.jpg,1
255823836.jpg,1
853854962.jpg,1
1096302814.jpg,1
607840807.jpg,1
1955289592.jpg,1
2234665752.jpg,1
600869262.jpg,1
1814333907.jpg,1
1962408284.jpg,1
3022052260.jpg,1
994727955.jpg,1
397896685.jpg,1
2425413365.jpg,1
3068895856.jpg,1
242770497.jpg,1
3945696869.jpg,1
1630010851.jpg,1
2981404650.jpg,1
3053524603.jpg,1
3007026060.jpg,1
3006499770.jpg,1
3128583938.jpg,1
25132460.jpg,1
2084868828.jpg,1
3927113290.jpg,1
1077032520.jpg,1
3845948976.jpg,1
3303116849.jpg,1
1978440967.jpg,1
2435211745.jpg,1
1315703561.jpg,1
796933103.jpg,1
3223104982.jpg,1
1768669927.jpg,1
1432249645.jpg,1
822641071.jpg,1
3953648207.jpg,1
4147695010.jpg,1
1733437484.jpg,1
1117136990.jpg,1
3212798182.jpg,1
193330948.jpg,1
1934605474.jpg,1
885474029.jpg,1
1371273944.jpg,1
1398427720.jpg,1
2087367640.jpg,1
2822052779.jpg,1
1747122718.jpg,1
3533888163.jpg,1
249927375.jpg,1
2066754199.jpg,1
344427708.jpg,1
857910285.jpg,1
4219389723.jpg,1
1712397585.jpg,1
1387417051.jpg,1
11574961.jpg,1
3260589642.jpg,1
3514238899.jpg,1
2011474799.jpg,1
4128762392.jpg,1
3295550498.jpg,1
3227667303.jpg,1
982829407.jpg,1
695438825.jpg,1
119670532.jpg,1
4204029505.jpg,1
1302078468.jpg,1
675264849.jpg,1
638654515.jpg,1
1111946219.jpg,1
4141898495.jpg,1
2437547294.jpg,1
3186227510.jpg,1
3419613818.jpg,1
2620149411.jpg,1
2776641820.jpg,1
1725548375.jpg,1
2574523896.jpg,1
4019472268.jpg,1
713259486.jpg,1
1830775926.jpg,1
3337091008.jpg,1
3917462304.jpg,1
1346595943.jpg,1
852177343.jpg,1
173019618.jpg,1
3925504132.jpg,1
2399421947.jpg,1
1610520050.jpg,1
2236683337.jpg,1
253218787.jpg,1
835290707.jpg,1
4134659314.jpg,1
1339403533.jpg,1
2682408847.jpg,1
1492555711.jpg,1
3057848148.jpg,1
2232929983.jpg,1
2560138372.jpg,1
1355746136.jpg,1
576478448.jpg,1
1381916877.jpg,1
3424798095.jpg,1
1939113672.jpg,1
2797119560.jpg,1
2269255258.jpg,1
1783641862.jpg,1
3509493147.jpg,1
1581140405.jpg,1
2851597071.jpg,1
3383385001.jpg,1
1016027375.jpg,1
690967280.jpg,1
1482998605.jpg,1
284280039.jpg,1
3819082104.jpg,1
655873382.jpg,1
4134583704.jpg,1
2142361151.jpg,1
990768027.jpg,1
1875533805.jpg,1
2361272230.jpg,1
3126169965.jpg,1
2029751632.jpg,1
2209171783.jpg,1
435303871.jpg,1
3710070887.jpg,1
2013935388.jpg,1
3737165022.jpg,1
3607291396.jpg,1
3059461197.jpg,1
324493951.jpg,1
2360611086.jpg,1
3384690676.jpg,1
849133698.jpg,1
682973253.jpg,1
1533790946.jpg,1
271205318.jpg,1
1165857265.jpg,1
4210199349.jpg,1
1193048805.jpg,1
900067937.jpg,1
3636364733.jpg,1
1656709823.jpg,1
2694336156.jpg,1
3337726252.jpg,1
52729180.jpg,1
1178519877.jpg,1
1126417568.jpg,1
3929091708.jpg,1
1929477466.jpg,1
302898400.jpg,1
587692768.jpg,1
1971706918.jpg,1
3410015128.jpg,1
2814110905.jpg,1
4220858043.jpg,1
3517179673.jpg,1
1928678720.jpg,1
2276509518.jpg,1
3977257761.jpg,1
3558035737.jpg,1
4254813390.jpg,1
1709988412.jpg,1
3792751704.jpg,1
3738494351.jpg,1
2618313082.jpg,1
1285287595.jpg,1
3736449337.jpg,1
2953110907.jpg,1
4186640212.jpg,1
232064940.jpg,1
2635255297.jpg,1
3341661960.jpg,1
2124179391.jpg,1
2719189650.jpg,1
4166830303.jpg,1
2881486554.jpg,1
2876649669.jpg,1
519341092.jpg,1
3370446446.jpg,1
1748519439.jpg,1
4020055407.jpg,1
1957687163.jpg,1
770348865.jpg,1
4071831340.jpg,1
1105694504.jpg,1
1835826214.jpg,1
3183645575.jpg,1
3538242745.jpg,1
472489554.jpg,1
3654735645.jpg,1
2350967286.jpg,1
33304341.jpg,1
570889595.jpg,1
387390506.jpg,1
641625656.jpg,1
3392805793.jpg,1
823298994.jpg,1
953936588.jpg,1
1333185003.jpg,1
3070576452.jpg,1
211984788.jpg,1
3315174323.jpg,1
194923526.jpg,1
549854027.jpg,1
2068435088.jpg,1
46087551.jpg,1
4018169789.jpg,1
1033787784.jpg,1
4254996610.jpg,1
211225277.jpg,1
1775343418.jpg,1
132012134.jpg,1
1080752639.jpg,1
1279878525.jpg,1
1739927380.jpg,1
2989101138.jpg,1
2912819166.jpg,1
1515903038.jpg,1
958879588.jpg,1
3535986345.jpg,1
1099882902.jpg,1
1121793903.jpg,1
702921718.jpg,1
554488826.jpg,1
2620830475.jpg,1
337105713.jpg,1
2320107173.jpg,1
2542629579.jpg,1
626955644.jpg,1
3013103054.jpg,1
1254069190.jpg,1
445321069.jpg,1
3676238683.jpg,1
1964012353.jpg,1
2668524110.jpg,1
184765272.jpg,1
140439386.jpg,1
3612886181.jpg,1
1770746162.jpg,1
4233882902.jpg,1
1987807979.jpg,1
646796085.jpg,1
2256701699.jpg,1
2045155911.jpg,1
3439168363.jpg,1
1028629473.jpg,1
464299112.jpg,1
714473351.jpg,1
901196930.jpg,1
1654717395.jpg,1
319688327.jpg,1
290867441.jpg,1
2642374600.jpg,1
1848686439.jpg,1
4136833908.jpg,1
3782697407.jpg,1
179499224.jpg,1
3608563385.jpg,1
2570672557.jpg,1
3029026599.jpg,1
2260651595.jpg,1
639060341.jpg,1
2922958055.jpg,1
1832233045.jpg,1
1638509786.jpg,1
1427289885.jpg,1
2192563382.jpg,1
2219671077.jpg,1
2344929083.jpg,1
1805270227.jpg,1
2499562554.jpg,1
3052959460.jpg,1
2020316651.jpg,1
1736063036.jpg,1
3728202577.jpg,1
1037277772.jpg,1
3615278412.jpg,1
771092021.jpg,1
1791724511.jpg,1
2328106144.jpg,1
3706939010.jpg,1
1128531258.jpg,1
1627474400.jpg,1
3589849323.jpg,1
1053506407.jpg,1
664583876.jpg,1
2851044732.jpg,1
4148374755.jpg,1
483210216.jpg,1
2582612348.jpg,1
1762040629.jpg,1
3472675178.jpg,1
76610968.jpg,1
125541683.jpg,1
1332476551.jpg,1
2575222166.jpg,1
2696334976.jpg,1
2839218699.jpg,1
3864270761.jpg,1
1513008307.jpg,1
1338159402.jpg,1
2904005710.jpg,1
2055831715.jpg,1
759559409.jpg,1
992748624.jpg,1
2669158036.jpg,1
1943423929.jpg,1
3855265418.jpg,1
3630015138.jpg,1
957970680.jpg,1
1840620834.jpg,1
717043764.jpg,1
2502612018.jpg,1
2011205362.jpg,1
2684352665.jpg,1
3508055707.jpg,1
1710700756.jpg,1
905336234.jpg,1
2315268478.jpg,1
2595712013.jpg,1
2475812200.jpg,1
2382642453.jpg,1
3035820156.jpg,1
266548434.jpg,1
1781932612.jpg,1
3266655570.jpg,1
396060343.jpg,1
245998935.jpg,1
3129393327.jpg,1
501215014.jpg,1
1078061341.jpg,1
616514000.jpg,1
3718724098.jpg,1
1477652298.jpg,1
2324073630.jpg,1
621367062.jpg,1
4026736343.jpg,1
2573412810.jpg,1
1765190680.jpg,1
2736688100.jpg,1
1681135049.jpg,1
3229179609.jpg,1
1941569739.jpg,1
105057263.jpg,1
3305232077.jpg,1
2595003761.jpg,1
997973414.jpg,1
4250520416.jpg,1
3769308751.jpg,1
3815389777.jpg,1
158743924.jpg,1
1965467529.jpg,1
2614256143.jpg,1
1596196838.jpg,1
1144686555.jpg,1
547271949.jpg,1
4039669211.jpg,1
3731307161.jpg,1
2809743739.jpg,1
1411682771.jpg,1
2397594193.jpg,1
2115661859.jpg,1
2794995428.jpg,1
198333324.jpg,1
20361463.jpg,1
2522202499.jpg,1
3365267863.jpg,1
3511388715.jpg,1
343990809.jpg,1
1495336038.jpg,1
447826793.jpg,1
970041120.jpg,1
1532691436.jpg,1
3838556102.jpg,1
178880482.jpg,1
1283188.jpg,1
3958304403.jpg,1
2632382068.jpg,1
469487.jpg,1
1194287929.jpg,1
3473125611.jpg,1
1681870456.jpg,1
2724931381.jpg,1
372080564.jpg,1
1072259548.jpg,1
179693098.jpg,1
3888625899.jpg,1
220313132.jpg,1
1564066459.jpg,1
1316293623.jpg,1
826231979.jpg,1
1552938679.jpg,1
1419231799.jpg,1
3963919295.jpg,1
2004702183.jpg,1
961575661.jpg,1
749023134.jpg,1
4248249660.jpg,1
3940775830.jpg,1
4071612105.jpg,1
2313757161.jpg,1
2937475822.jpg,1
2123622289.jpg,1
888266861.jpg,1
2432967687.jpg,1
1989483426.jpg,1
885231391.jpg,1
435476831.jpg,1
866479018.jpg,1
549334343.jpg,1
2629773376.jpg,1
2907433779.jpg,1
3752024211.jpg,1
3160733051.jpg,1
2853557444.jpg,1
4080639262.jpg,1
3203940789.jpg,1
3119965936.jpg,1
162740748.jpg,1
758155419.jpg,1
579333790.jpg,1
605469419.jpg,1
2808447158.jpg,1
2011886920.jpg,1
2293657925.jpg,1
732483696.jpg,1
2474336811.jpg,1
2548839038.jpg,1
3817881110.jpg,1
3193577634.jpg,1
960297309.jpg,1
2856556640.jpg,1
1539873023.jpg,1
2941619919.jpg,1
3485236762.jpg,1
2345003518.jpg,1
2791972986.jpg,1
3024648056.jpg,1
1582056654.jpg,1
1686082281.jpg,1
2012411582.jpg,1
4215887355.jpg,1
147275298.jpg,1
3722626623.jpg,1
365488535.jpg,1
404837485.jpg,1
1212554580.jpg,1
2732131955.jpg,1
1002088496.jpg,1
1994247876.jpg,1
803873425.jpg,1
1579515539.jpg,1
2510221236.jpg,1
1418896988.jpg,1
1645132898.jpg,1
2628143794.jpg,1
1769894805.jpg,1
1427678310.jpg,1
1396197326.jpg,1
241455389.jpg,1
2278439713.jpg,1
2424570451.jpg,1
3112062061.jpg,1
2057361034.jpg,1
1713403658.jpg,1
1429478360.jpg,1
2732825636.jpg,1
1402508321.jpg,1
1711803773.jpg,1
4004256594.jpg,1
730431773.jpg,1
1517468243.jpg,1
409901220.jpg,1
394451018.jpg,1
1729933638.jpg,1
911151169.jpg,1
931787054.jpg,1
508653988.jpg,1
3803823261.jpg,1
2913981436.jpg,1
3092828212.jpg,1
3002612544.jpg,1
1928547462.jpg,1
2394854086.jpg,1
635511735.jpg,1
1294805879.jpg,1
1276269227.jpg,1
262902341.jpg,1
817545586.jpg,1
1303473787.jpg,1
2086830475.jpg,1
549750394.jpg,1
1252338072.jpg,1
2520798009.jpg,1
142821017.jpg,1
2078711421.jpg,1
957199549.jpg,1
3692116146.jpg,1
2948942886.jpg,1
1634815405.jpg,1
1357774593.jpg,1
2026618644.jpg,1
270924529.jpg,1
2333905291.jpg,1
483725147.jpg,1
1209108991.jpg,1
1917903934.jpg,1
904750787.jpg,1
1570341270.jpg,1
2646769080.jpg,1
807698612.jpg,1
3140977512.jpg,1
3462722131.jpg,1
226485421.jpg,1
10169000.jpg,1
3479361153.jpg,1
2890639834.jpg,1
4180586995.jpg,1
625250328.jpg,1
1984830007.jpg,1
2156331801.jpg,1
3879720727.jpg,1
532255691.jpg,1
1807740232.jpg,1
2807173695.jpg,1
1327766969.jpg,1
3250428220.jpg,1
3452847789.jpg,1
3164836946.jpg,1
3033568270.jpg,1
3305945509.jpg,1
4248062879.jpg,1
3878214050.jpg,1
3714061123.jpg,1
2021964634.jpg,1
2721303722.jpg,1
3909502094.jpg,1
4214804223.jpg,1
375108909.jpg,1
2593976226.jpg,1
2828422738.jpg,1
1076964019.jpg,1
96041444.jpg,1
1430257906.jpg,1
3233897514.jpg,1
1160018036.jpg,1
292361837.jpg,1
2725229326.jpg,1
891874541.jpg,1
1167942478.jpg,1
2627681219.jpg,1
1879473722.jpg,1
987098553.jpg,1
3638899737.jpg,1
2779521123.jpg,1
3396364831.jpg,1
2948559947.jpg,1
4020462779.jpg,1
3659088750.jpg,1
616718743.jpg,1
2477268412.jpg,1
2490802199.jpg,1
2265305065.jpg,1
1123691141.jpg,1
1890187078.jpg,1
369349787.jpg,1
3374362215.jpg,1
250907427.jpg,1
1835807693.jpg,1
3702831900.jpg,1
1895979101.jpg,1
2609479763.jpg,1
947599962.jpg,1
3148285966.jpg,1
992352996.jpg,1
4046154865.jpg,1
3718181565.jpg,1
2580251037.jpg,1
3956077728.jpg,1
2912412850.jpg,1
1518858149.jpg,1
2873149227.jpg,1
1698435462.jpg,1
4013206965.jpg,1
706776365.jpg,1
3123083708.jpg,1
392955098.jpg,1
3328736018.jpg,1
1516455512.jpg,1
1366430957.jpg,1
2319594231.jpg,1
651123589.jpg,1
2690493912.jpg,1
3507114461.jpg,1
643044892.jpg,1
2871575859.jpg,1
2948928390.jpg,1
2836237528.jpg,1
1234375577.jpg,1
623023838.jpg,1
2874755913.jpg,1
4248343921.jpg,1
1469995634.jpg,1
2229847111.jpg,1
2253584700.jpg,1
336083586.jpg,1
2882347147.jpg,1
1993604237.jpg,1
196618228.jpg,1
998910982.jpg,1
2247595260.jpg,1
979574790.jpg,1
3351977110.jpg,1
4258860412.jpg,1
3791239954.jpg,1
2934003853.jpg,1
2321881584.jpg,1
3361498980.jpg,1
3938379090.jpg,1
1269902527.jpg,1
2295281657.jpg,1
3056721396.jpg,1
1458175598.jpg,1
2824854059.jpg,1
458698920.jpg,1
2745537862.jpg,1
2107635089.jpg,1
2034179066.jpg,1
441501298.jpg,1
1646187978.jpg,1
530355388.jpg,1
3400845479.jpg,1
671949861.jpg,1
3123906243.jpg,1
3490253996.jpg,1
2847604591.jpg,1
1074333151.jpg,1
2975115262.jpg,1
3443576181.jpg,1
3241980938.jpg,1
2805717623.jpg,1
2556924880.jpg,1
2527606306.jpg,1
2059048377.jpg,1
3973772550.jpg,1
490603548.jpg,1
3953857113.jpg,1
2764505542.jpg,1
3057285715.jpg,1
1870345628.jpg,1
3719761839.jpg,1
1444285375.jpg,1
2332024831.jpg,1
878287964.jpg,1
1604328731.jpg,1
326197492.jpg,1
1381453836.jpg,1
1960632681.jpg,1
1921138686.jpg,1
3161586140.jpg,1
1337147552.jpg,1
3884189662.jpg,1
2278166989.jpg,1
2824583085.jpg,1
4239180232.jpg,1
3966397461.jpg,1
1099870140.jpg,1
211507640.jpg,1
4275296346.jpg,1
31445437.jpg,1
2022734694.jpg,1
4258928980.jpg,1
1615919700.jpg,1
4145817013.jpg,1
1894712729.jpg,1
2923119977.jpg,1
3821677855.jpg,1
3294260404.jpg,1
458696690.jpg,1
2297909098.jpg,1
3468150881.jpg,1
867127390.jpg,1
3003871889.jpg,1
3027573642.jpg,1
4109950736.jpg,1
1185924788.jpg,1
3533493433.jpg,1
2259448327.jpg,1
3944969366.jpg,1
2320471703.jpg,1
1924914.jpg,1
3403726678.jpg,1
3568561283.jpg,2
2412789448.jpg,2
2803736374.jpg,2
4193039618.jpg,2
1513503205.jpg,2
1888617839.jpg,2
2779467880.jpg,2
2271308515.jpg,2
790473247.jpg,2
1158552127.jpg,2
2474385687.jpg,2
3417433157.jpg,2
3556554979.jpg,2
3988179260.jpg,2
3737714196.jpg,2
1288893945.jpg,2
3899993787.jpg,2
3308428199.jpg,2
3311389928.jpg,2
3554938501.jpg,2
1829924843.jpg,2
1492444202.jpg,2
2834820650.jpg,2
242216582.jpg,2
415901273.jpg,2
3647699133.jpg,2
3401409874.jpg,2
3975873583.jpg,2
3925869140.jpg,2
3427302906.jpg,2
3391940260.jpg,2
1094294460.jpg,2
412390858.jpg,2
3307939113.jpg,2
3163389622.jpg,2
3687403120.jpg,2
1655615998.jpg,2
631859689.jpg,2
1887369957.jpg,2
2933094268.jpg,2
2912509098.jpg,2
4030410880.jpg,2
3106354141.jpg,2
601263353.jpg,2
3561890099.jpg,2
2901563947.jpg,2
918605153.jpg,2
1344445533.jpg,2
3912538989.jpg,2
612701263.jpg,2
531614810.jpg,2
665478889.jpg,2
3797193100.jpg,2
1314818419.jpg,2
2002168063.jpg,2
3039373303.jpg,2
2929693289.jpg,2
1179385123.jpg,2
3151577248.jpg,2
88427642.jpg,2
49533395.jpg,2
3734888784.jpg,2
4121566836.jpg,2
566469674.jpg,2
22667751.jpg,2
1681299084.jpg,2
723773880.jpg,2
4019060671.jpg,2
1834748922.jpg,2
1754366174.jpg,2
78347787.jpg,2
1968070287.jpg,2
2196977534.jpg,2
3370579462.jpg,2
4217871378.jpg,2
4222984856.jpg,2
2573573471.jpg,2
4232654944.jpg,2
4218669271.jpg,2
143572777.jpg,2
1069816211.jpg,2
1833123738.jpg,2
2368588448.jpg,2
3833092976.jpg,2
2326017178.jpg,2
3876871057.jpg,2
2323936.jpg,2
3078295332.jpg,2
4224453437.jpg,2
3863749717.jpg,2
2869773815.jpg,2
3273351550.jpg,2
179556493.jpg,2
3840081089.jpg,2
2349124978.jpg,2
3506949016.jpg,2
2347334555.jpg,2
3517828847.jpg,2
2647563091.jpg,2
2261597836.jpg,2
2245645111.jpg,2
1369694663.jpg,2
2725353705.jpg,2
140350208.jpg,2
1278314475.jpg,2
3821632962.jpg,2
3618440101.jpg,2
984892057.jpg,2
3813620418.jpg,2
330459705.jpg,2
1830680184.jpg,2
2809660015.jpg,2
2368293365.jpg,2
254452799.jpg,2
301330816.jpg,2
3813835902.jpg,2
4244470722.jpg,2
4241128101.jpg,2
2809697426.jpg,2
1559321663.jpg,2
1947542350.jpg,2
2212458308.jpg,2
872590456.jpg,2
1902246685.jpg,2
2041164461.jpg,2
2112497230.jpg,2
3606444660.jpg,2
3964194408.jpg,2
2449084146.jpg,2
163120716.jpg,2
4058785345.jpg,2
1213094661.jpg,2
391785248.jpg,2
2421758086.jpg,2
969211018.jpg,2
2274065917.jpg,2
1953071676.jpg,2
3508043582.jpg,2
1937179259.jpg,2
3211733449.jpg,2
2348020586.jpg,2
4207857980.jpg,2
2410752222.jpg,2
2204436794.jpg,2
4188219605.jpg,2
3701977874.jpg,2
2682444173.jpg,2
3966975834.jpg,2
3213680701.jpg,2
2163281574.jpg,2
1300931153.jpg,2
2241394681.jpg,2
483070348.jpg,2
2937564241.jpg,2
1973400842.jpg,2
1046156726.jpg,2
1542540755.jpg,2
2178423983.jpg,2
480764320.jpg,2
1344212681.jpg,2
1379189798.jpg,2
1654084150.jpg,2
227385036.jpg,2
2906219922.jpg,2
804353681.jpg,2
1622070201.jpg,2
294710053.jpg,2
3468310197.jpg,2
3700452393.jpg,2
609027712.jpg,2
2447704819.jpg,2
1351460531.jpg,2
4079242692.jpg,2
1622159386.jpg,2
3934961843.jpg,2
2665303813.jpg,2
652147847.jpg,2
1621255319.jpg,2
3225476666.jpg,2
1325098159.jpg,2
1114588792.jpg,2
67235681.jpg,2
573039129.jpg,2
1454219565.jpg,2
3830176514.jpg,2
301917364.jpg,2
1381919423.jpg,2
1151941049.jpg,2
3293012629.jpg,2
3324881806.jpg,2
2438313768.jpg,2
2895516446.jpg,2
171026079.jpg,2
3533832269.jpg,2
1938715150.jpg,2
1398184409.jpg,2
920600492.jpg,2
3573857618.jpg,2
3277846362.jpg,2
1856852302.jpg,2
3812225296.jpg,2
1415860816.jpg,2
624542244.jpg,2
3160964625.jpg,2
3330498442.jpg,2
3146983924.jpg,2
3617067141.jpg,2
190928103.jpg,2
1667727245.jpg,2
1730671477.jpg,2
1641250084.jpg,2
2700366371.jpg,2
3945332868.jpg,2
441540366.jpg,2
3484852968.jpg,2
265704323.jpg,2
3486448713.jpg,2
3063807810.jpg,2
691285209.jpg,2
1975167712.jpg,2
611831978.jpg,2
544761733.jpg,2
3953327881.jpg,2
1403410864.jpg,2
1552281514.jpg,2
1238159478.jpg,2
1340310321.jpg,2
2689546990.jpg,2
677870514.jpg,2
336299725.jpg,2
23064716.jpg,2
1434172630.jpg,2
734530855.jpg,2
1407007212.jpg,2
2803200919.jpg,2
2559634940.jpg,2
2588644224.jpg,2
666057688.jpg,2
3784315903.jpg,2
2602727826.jpg,2
3918869320.jpg,2
2887300440.jpg,2
1523640184.jpg,2
2967206024.jpg,2
3848881120.jpg,2
3276579390.jpg,2
2000481519.jpg,2
1537095856.jpg,2
1744132907.jpg,2
1083896176.jpg,2
111384857.jpg,2
2169718096.jpg,2
3847725320.jpg,2
3218230383.jpg,2
1083681960.jpg,2
2968554628.jpg,2
3561701886.jpg,2
4291798124.jpg,2
2245188644.jpg,2
1197216804.jpg,2
570526420.jpg,2
827746278.jpg,2
399009476.jpg,2
1595577438.jpg,2
4050718274.jpg,2
1968615575.jpg,2
2475211704.jpg,2
16457413.jpg,2
790690044.jpg,2
3257229839.jpg,2
2885347871.jpg,2
199365289.jpg,2
281173602.jpg,2
462009251.jpg,2
1382842589.jpg,2
1115451372.jpg,2
3464231569.jpg,2
2601538502.jpg,2
1117432302.jpg,2
3717608172.jpg,2
636474296.jpg,2
2504999167.jpg,2
2883608679.jpg,2
2421980371.jpg,2
1812275285.jpg,2
3823683287.jpg,2
1257614231.jpg,2
1938730022.jpg,2
3964124529.jpg,2
2004186800.jpg,2
1748314267.jpg,2
175398874.jpg,2
2469928769.jpg,2
1965782159.jpg,2
3914443109.jpg,2
1088104223.jpg,2
2031835632.jpg,2
3858664861.jpg,2
750060449.jpg,2
3304963858.jpg,2
1731589806.jpg,2
3762629314.jpg,2
3782909126.jpg,2
144489717.jpg,2
3462014192.jpg,2
53164927.jpg,2
2271999976.jpg,2
644131683.jpg,2
805711898.jpg,2
1829981265.jpg,2
1632883265.jpg,2
417135798.jpg,2
96912752.jpg,2
3082321986.jpg,2
1455218947.jpg,2
3516405434.jpg,2
560592460.jpg,2
1742921296.jpg,2
1654496299.jpg,2
2324363377.jpg,2
2653833670.jpg,2
1359200021.jpg,2
2671295882.jpg,2
3720541939.jpg,2
2839650857.jpg,2
1129442307.jpg,2
2342986472.jpg,2
3971124978.jpg,2
1178068241.jpg,2
2330146659.jpg,2
458086405.jpg,2
1443532770.jpg,2
2177600106.jpg,2
1710044268.jpg,2
3468766688.jpg,2
2710911914.jpg,2
1695222952.jpg,2
766908244.jpg,2
1915195604.jpg,2
830740908.jpg,2
662783465.jpg,2
1345657742.jpg,2
2506070849.jpg,2
1959106502.jpg,2
2941244551.jpg,2
1616207760.jpg,2
976801924.jpg,2
447048984.jpg,2
3999758372.jpg,2
2220656958.jpg,2
1025511060.jpg,2
1541021369.jpg,2
3174117407.jpg,2
3395851593.jpg,2
2538746193.jpg,2
3684580496.jpg,2
3245080798.jpg,2
1119134814.jpg,2
1660311563.jpg,2
2787710566.jpg,2
83335504.jpg,2
237980030.jpg,2
753901704.jpg,2
1271039917.jpg,2
1657183324.jpg,2
3315868108.jpg,2
3838519719.jpg,2
215841447.jpg,2
1352363015.jpg,2
1942589536.jpg,2
1745213235.jpg,2
769621297.jpg,2
1466391339.jpg,2
3474356023.jpg,2
2559464808.jpg,2
2388034478.jpg,2
3817468539.jpg,2
858578370.jpg,2
3398785705.jpg,2
2407733986.jpg,2
1792425947.jpg,2
2569083558.jpg,2
4113678968.jpg,2
155945117.jpg,2
1377187378.jpg,2
523005537.jpg,2
1213348737.jpg,2
1041922165.jpg,2
1796327295.jpg,2
2816014823.jpg,2
846141770.jpg,2
2763974750.jpg,2
2498122689.jpg,2
1306087922.jpg,2
1443356256.jpg,2
1712458333.jpg,2
3313811273.jpg,2
3180112687.jpg,2
3724726021.jpg,2
2002072647.jpg,2
2073620456.jpg,2
427782419.jpg,2
1202113453.jpg,2
4182510325.jpg,2
3396517826.jpg,2
4171468415.jpg,2
241282085.jpg,2
1378311298.jpg,2
2867956908.jpg,2
1472883908.jpg,2
1765114818.jpg,2
743999758.jpg,2
1590211674.jpg,2
380002014.jpg,2
245076718.jpg,2
668811521.jpg,2
1974242714.jpg,2
1288225954.jpg,2
3485931790.jpg,2
2279465716.jpg,2
2078875826.jpg,2
1295121717.jpg,2
1675424931.jpg,2
2779441922.jpg,2
3859028489.jpg,2
3339501644.jpg,2
1454998270.jpg,2
2049291369.jpg,2
417083161.jpg,2
1952239701.jpg,2
527458103.jpg,2
4294756187.jpg,2
3623375685.jpg,2
1998622752.jpg,2
1288845097.jpg,2
4076735370.jpg,2
1496279708.jpg,2
1871382569.jpg,2
960202242.jpg,2
3596057855.jpg,2
1870594416.jpg,2
1187087973.jpg,2
4115513115.jpg,2
2101219762.jpg,2
1435237849.jpg,2
325724321.jpg,2
199380974.jpg,2
3192117887.jpg,2
472300747.jpg,2
3448607006.jpg,2
538938122.jpg,2
410291053.jpg,2
4137861888.jpg,2
2506949350.jpg,2
3529904728.jpg,2
2770727020.jpg,2
1558263812.jpg,2
291970029.jpg,2
312082774.jpg,2
1068174637.jpg,2
2896377982.jpg,2
3093623574.jpg,2
4255738008.jpg,2
1332005593.jpg,2
1278924259.jpg,2
1640860200.jpg,2
2382758285.jpg,2
119354743.jpg,2
143798547.jpg,2
3272887420.jpg,2
3364167135.jpg,2
1982042661.jpg,2
3756317968.jpg,2
3244382279.jpg,2
4087569473.jpg,2
3772745803.jpg,2
2898065590.jpg,2
1431232276.jpg,2
2250996072.jpg,2
3968384941.jpg,2
1551899349.jpg,2
4177483982.jpg,2
3057497709.jpg,2
2536601960.jpg,2
20518383.jpg,2
1706555718.jpg,2
379034521.jpg,2
2140295414.jpg,2
3268898958.jpg,2
3006063417.jpg,2
3231201573.jpg,2
198415673.jpg,2
1438664994.jpg,2
3436107326.jpg,2
1620611886.jpg,2
297627784.jpg,2
1264219928.jpg,2
3576823132.jpg,2
3046878913.jpg,2
16415174.jpg,2
777180004.jpg,2
2309592212.jpg,2
3485831468.jpg,2
3188097509.jpg,2
1112943175.jpg,2
3346048761.jpg,2
3813083782.jpg,2
4223800974.jpg,2
943699790.jpg,2
2346225586.jpg,2
2644492010.jpg,2
3175131479.jpg,2
352762760.jpg,2
29130164.jpg,2
1371104507.jpg,2
3267434230.jpg,2
611858169.jpg,2
760863006.jpg,2
2873954031.jpg,2
4110644267.jpg,2
3871591664.jpg,2
157946979.jpg,2
748745239.jpg,2
320442458.jpg,2
1454379342.jpg,2
3125522990.jpg,2
115438345.jpg,2
2485868532.jpg,2
923718.jpg,2
4212381540.jpg,2
2714659610.jpg,2
4851187.jpg,2
1295166151.jpg,2
3274424036.jpg,2
4166172905.jpg,2
2941744909.jpg,2
3108053126.jpg,2
1798004899.jpg,2
698853568.jpg,2
807086334.jpg,2
3186872066.jpg,2
2560958155.jpg,2
3247843719.jpg,2
2058684347.jpg,2
2535406918.jpg,2
3683714600.jpg,2
620126996.jpg,2
1036380403.jpg,2
2542075685.jpg,2
2753152635.jpg,2
3491462483.jpg,2
78946276.jpg,2
3445006321.jpg,2
635946158.jpg,2
667745883.jpg,2
2784994584.jpg,2
1481314031.jpg,2
1538926850.jpg,2
1861343358.jpg,2
1471429626.jpg,2
1439711843.jpg,2
63775422.jpg,2
3536918233.jpg,2
2262890028.jpg,2
365554294.jpg,2
3784391347.jpg,2
495897960.jpg,2
3181538657.jpg,2
2034902802.jpg,2
2861545981.jpg,2
2613045307.jpg,2
1017667711.jpg,2
3004595340.jpg,2
1803422865.jpg,2
1622141266.jpg,2
658285764.jpg,2
148514131.jpg,2
3772064912.jpg,2
3722009865.jpg,2
982426232.jpg,2
2280369062.jpg,2
41404383.jpg,2
1587460202.jpg,2
4068103331.jpg,2
3320071514.jpg,2
1962020298.jpg,2
361789228.jpg,2
2539296828.jpg,2
1422459648.jpg,2
904658704.jpg,2
2541215311.jpg,2
2487952325.jpg,2
3089605566.jpg,2
2454238262.jpg,2
2995735378.jpg,2
1011602291.jpg,2
1489138795.jpg,2
1468732806.jpg,2
164643516.jpg,2
1171302816.jpg,2
3704646396.jpg,2
1194838492.jpg,2
3241593592.jpg,2
4252058382.jpg,2
3086663390.jpg,2
3528796531.jpg,2
1182679440.jpg,2
3525134748.jpg,2
4050218395.jpg,2
702619228.jpg,2
3918738167.jpg,2
3182736637.jpg,2
2587638393.jpg,2
2532813742.jpg,2
1933911755.jpg,2
2318861045.jpg,2
2618467326.jpg,2
3963572251.jpg,2
2361163425.jpg,2
1868737413.jpg,2
1132263978.jpg,2
3407890503.jpg,2
82105739.jpg,2
3315504598.jpg,2
2629155801.jpg,2
2810787386.jpg,2
2405559933.jpg,2
18547180.jpg,2
3793827107.jpg,2
527287896.jpg,2
1764035840.jpg,2
2385443091.jpg,2
591372512.jpg,2
324027470.jpg,2
3995459350.jpg,2
1116356197.jpg,2
1109052326.jpg,2
2870123784.jpg,2
2764125609.jpg,2
3233669266.jpg,2
3020362387.jpg,2
3384415464.jpg,2
1775966274.jpg,2
3251764098.jpg,2
356379628.jpg,2
3017649667.jpg,2
2184513662.jpg,2
1335049078.jpg,2
827007782.jpg,2
3558210232.jpg,2
1874752223.jpg,2
1580921361.jpg,2
1838219986.jpg,2
3339139247.jpg,2
2048496829.jpg,2
1318025509.jpg,2
1884379874.jpg,2
2721767282.jpg,2
1933576413.jpg,2
1808650874.jpg,2
1475659703.jpg,2
4076823454.jpg,2
623333046.jpg,2
3403536238.jpg,2
1100141254.jpg,2
239700501.jpg,2
4125173435.jpg,2
1339614738.jpg,2
390879098.jpg,2
2074036389.jpg,2
2156160232.jpg,2
1261918701.jpg,2
2862651902.jpg,2
49697815.jpg,2
601096842.jpg,2
1408639438.jpg,2
1791561646.jpg,2
3814035701.jpg,2
4186680625.jpg,2
539448425.jpg,2
2394755091.jpg,2
339278657.jpg,2
1028697500.jpg,2
2997743551.jpg,2
754482252.jpg,2
1586567598.jpg,2
1844147447.jpg,2
2110727627.jpg,2
3181600056.jpg,2
112690000.jpg,2
22116035.jpg,2
823167906.jpg,2
3858530439.jpg,2
327309944.jpg,2
1427151109.jpg,2
2484137183.jpg,2
974073314.jpg,2
3724163879.jpg,2
786703663.jpg,2
2528699318.jpg,2
3575732526.jpg,2
1653382438.jpg,2
2657104946.jpg,2
481101110.jpg,2
504400425.jpg,2
170814157.jpg,2
1121048541.jpg,2
2718170987.jpg,2
1048581072.jpg,2
2871435111.jpg,2
2579584589.jpg,2
571576955.jpg,2
1584525423.jpg,2
1367847379.jpg,2
821895788.jpg,2
2130379306.jpg,2
3222453673.jpg,2
2060259449.jpg,2
4225259568.jpg,2
3185750323.jpg,2
146995101.jpg,2
1343301467.jpg,2
645203852.jpg,2
3389284339.jpg,2
944920581.jpg,2
756826989.jpg,2
4073688156.jpg,2
2934683232.jpg,2
3063643344.jpg,2
4034095153.jpg,2
3645245816.jpg,2
3117191836.jpg,2
896983896.jpg,2
1749530371.jpg,2
3095413567.jpg,2
1432403578.jpg,2
2282251801.jpg,2
1359438859.jpg,2
724406669.jpg,2
1897014524.jpg,2
1622560138.jpg,2
795781797.jpg,2
21962653.jpg,2
1921186959.jpg,2
2707769947.jpg,2
3689465564.jpg,2
979088794.jpg,2
3254381404.jpg,2
204616689.jpg,2
2657757602.jpg,2
168669351.jpg,2
22341045.jpg,2
2562254232.jpg,2
3456979841.jpg,2
534364866.jpg,2
4215295571.jpg,2
597389720.jpg,2
3214039367.jpg,2
1075456471.jpg,2
462652564.jpg,2
423248664.jpg,2
1451004490.jpg,2
4146743223.jpg,2
1931732509.jpg,2
3969288877.jpg,2
4141721005.jpg,2
2243541656.jpg,2
2813858062.jpg,2
4182063113.jpg,2
2433962799.jpg,2
1657954384.jpg,2
4145160333.jpg,2
344462592.jpg,2
1608857677.jpg,2
3943173652.jpg,2
1834855126.jpg,2
1046631452.jpg,2
2856404486.jpg,2
4255843801.jpg,2
2185068357.jpg,2
3672575801.jpg,2
620927832.jpg,2
2872388134.jpg,2
3217226349.jpg,2
932462711.jpg,2
522793998.jpg,2
3655257116.jpg,2
2319781928.jpg,2
2849214868.jpg,2
1527255990.jpg,2
1873256612.jpg,2
3395550776.jpg,2
761651651.jpg,2
2052889955.jpg,2
2697751572.jpg,2
2399789608.jpg,2
1539957701.jpg,2
1138036719.jpg,2
2715218500.jpg,2
414320641.jpg,2
2819900270.jpg,2
2343533524.jpg,2
1420638030.jpg,2
3256753501.jpg,2
2186658480.jpg,2
939153733.jpg,2
541016077.jpg,2
1891912456.jpg,2
3072589200.jpg,2
3704692183.jpg,2
4072724949.jpg,2
2526462874.jpg,2
2479115666.jpg,2
895910836.jpg,2
1456881000.jpg,2
447053671.jpg,2
2871659353.jpg,2
4242340626.jpg,2
760916412.jpg,2
2999997152.jpg,2
1489005656.jpg,2
4014881433.jpg,2
1697848076.jpg,2
1941209477.jpg,2
1279832641.jpg,2
2659874728.jpg,2
2857145632.jpg,2
1054946133.jpg,2
119590613.jpg,2
3267685049.jpg,2
1611894117.jpg,2
91850516.jpg,2
3332998611.jpg,2
1059412486.jpg,2
1710187645.jpg,2
235722628.jpg,2
795796251.jpg,2
1506855289.jpg,2
3524748781.jpg,2
1309794504.jpg,2
732560190.jpg,2
770763357.jpg,2
1979328759.jpg,2
1495102142.jpg,2
578106393.jpg,2
1425154910.jpg,2
3687904505.jpg,2
4176553783.jpg,2
1905776137.jpg,2
3215535093.jpg,2
4149113936.jpg,2
4278355555.jpg,2
95553397.jpg,2
3099868770.jpg,2
4140207015.jpg,2
2441910207.jpg,2
2609143290.jpg,2
3154423873.jpg,2
3456289388.jpg,2
2333760008.jpg,2
323293221.jpg,2
813509621.jpg,2
3858318600.jpg,2
1898762161.jpg,2
595567358.jpg,2
458279026.jpg,2
600691544.jpg,2
3005442364.jpg,2
3687667078.jpg,2
2565638908.jpg,2
259995232.jpg,2
1091104589.jpg,2
2225817818.jpg,2
4208333966.jpg,2
431419127.jpg,2
554189180.jpg,2
1786966899.jpg,2
2191379565.jpg,2
3654524052.jpg,2
2978135052.jpg,2
3228187345.jpg,2
3402404465.jpg,2
3730157636.jpg,2
1556639322.jpg,2
972840038.jpg,2
3285778653.jpg,2
938751255.jpg,2
1478815745.jpg,2
2961796760.jpg,2
4223297410.jpg,2
660261179.jpg,2
1916638324.jpg,2
1896468303.jpg,2
2225362356.jpg,2
708900690.jpg,2
996947690.jpg,2
1241084858.jpg,2
54787315.jpg,2
323643243.jpg,2
3993617081.jpg,2
2195653841.jpg,3
2247903814.jpg,3
87567596.jpg,3
3120878352.jpg,3
2887993051.jpg,3
19905959.jpg,3
1291065002.jpg,3
2401581385.jpg,3
3783300400.jpg,3
4014913503.jpg,3
3988748153.jpg,3
3745235756.jpg,3
1796762442.jpg,3
952391818.jpg,3
3773164943.jpg,3
4045262215.jpg,3
1003298598.jpg,3
3606832271.jpg,3
4228517372.jpg,3
2929669702.jpg,3
4017896312.jpg,3
2913849934.jpg,3
1930224271.jpg,3
2351001169.jpg,3
1988390173.jpg,3
3953514366.jpg,3
427331923.jpg,3
1896666370.jpg,3
495190803.jpg,3
1865241097.jpg,3
4083589127.jpg,3
1313782039.jpg,3
868625768.jpg,3
529520501.jpg,3
798006612.jpg,3
542129392.jpg,3
1878603606.jpg,3
829236675.jpg,3
1610632486.jpg,3
2091547987.jpg,3
2766856656.jpg,3
3400099278.jpg,3
3205290572.jpg,3
1340949419.jpg,3
808870213.jpg,3
520111872.jpg,3
3944566717.jpg,3
199900096.jpg,3
971713914.jpg,3
2008808261.jpg,3
391259058.jpg,3
4104529237.jpg,3
290569488.jpg,3
3166562991.jpg,3
3645203518.jpg,3
3571106948.jpg,3
2796358784.jpg,3
3000114558.jpg,3
523032468.jpg,3
2430054322.jpg,3
3589354639.jpg,3
1981710530.jpg,3
101960837.jpg,3
148976696.jpg,3
2382640175.jpg,3
1740009337.jpg,3
4105402505.jpg,3
3514594574.jpg,3
2214055139.jpg,3
2072810201.jpg,3
3273537907.jpg,3
2352335642.jpg,3
4241010942.jpg,3
3052724043.jpg,3
2009674442.jpg,3
3825609678.jpg,3
3029101771.jpg,3
287262008.jpg,3
3985367860.jpg,3
1679058349.jpg,3
387047396.jpg,3
59901561.jpg,3
3085973890.jpg,3
982255022.jpg,3
3288339403.jpg,3
339595487.jpg,3
1100136717.jpg,3
3244462441.jpg,3
4156956690.jpg,3
1420352773.jpg,3
3786050441.jpg,3
1458457293.jpg,3
1782213029.jpg,3
1109928772.jpg,3
3527494805.jpg,3
4070109402.jpg,3
2165907459.jpg,3
3274533152.jpg,3
3120113567.jpg,3
1672107115.jpg,3
2051343489.jpg,3
1733354827.jpg,3
1136247761.jpg,3
3183016038.jpg,3
1997972412.jpg,3
993844551.jpg,3
3051910715.jpg,3
332612328.jpg,3
2827746992.jpg,3
1488515803.jpg,3
3265165430.jpg,3
306133807.jpg,3
520827506.jpg,3
366475437.jpg,3
3318141754.jpg,3
3676837791.jpg,3
1210661305.jpg,3
55799003.jpg,3
2135458138.jpg,3
269949452.jpg,3
3110710270.jpg,3
3914861285.jpg,3
1899940648.jpg,3
833472737.jpg,3
3940346798.jpg,3
3404780145.jpg,3
843004516.jpg,3
2542872391.jpg,3
526842311.jpg,3
2466033543.jpg,3
4173419470.jpg,3
2389323384.jpg,3
1022283943.jpg,3
3837689204.jpg,3
2892116713.jpg,3
2007036418.jpg,3
2302473877.jpg,3
792213146.jpg,3
1602157367.jpg,3
4060707407.jpg,3
548717343.jpg,3
4056070889.jpg,3
2431460222.jpg,3
3556505634.jpg,3
61044687.jpg,3
2040710303.jpg,3
2771967726.jpg,3
4067721259.jpg,3
2756944342.jpg,3
3151430402.jpg,3
1141754259.jpg,3
2278281792.jpg,3
2505377282.jpg,3
2568949688.jpg,3
1895234488.jpg,3
3927154512.jpg,3
1856744348.jpg,3
188411023.jpg,3
1630104012.jpg,3
4194767619.jpg,3
3686939079.jpg,3
862141742.jpg,3
2051048628.jpg,3
2969191783.jpg,3
3125144812.jpg,3
338838513.jpg,3
3263657130.jpg,3
3453811343.jpg,3
1936471252.jpg,3
3259441892.jpg,3
3344181813.jpg,3
921425159.jpg,3
424650710.jpg,3
1564059407.jpg,3
1831182792.jpg,3
664996949.jpg,3
4030982383.jpg,3
2888561095.jpg,3
1031500522.jpg,3
1682355627.jpg,3
1958450462.jpg,3
4056868775.jpg,3
212271499.jpg,3
929695181.jpg,3
149054231.jpg,3
1797517154.jpg,3
1370558109.jpg,3
132993724.jpg,3
4025505972.jpg,3
2865082132.jpg,3
424538562.jpg,3
1303557485.jpg,3
3030757766.jpg,3
2366755742.jpg,3
3151288722.jpg,3
3268942286.jpg,3
2475450560.jpg,3
3000160621.jpg,3
3964588616.jpg,3
973300702.jpg,3
3751415933.jpg,3
2421310998.jpg,3
2864298311.jpg,3
1244124878.jpg,3
45753456.jpg,3
2918749013.jpg,3
4051205328.jpg,3
681698816.jpg,3
1834266408.jpg,3
1376689947.jpg,3
4239164688.jpg,3
3528124006.jpg,3
3975487347.jpg,3
3037049633.jpg,3
1794977133.jpg,3
2525317901.jpg,3
1281067697.jpg,3
1902258647.jpg,3
2730912818.jpg,3
4143432365.jpg,3
3171661108.jpg,3
4129031753.jpg,3
3873234052.jpg,3
1126686225.jpg,3
690565188.jpg,3
1640734047.jpg,3
3409229517.jpg,3
2596539007.jpg,3
532692632.jpg,3
1667297797.jpg,3
2357741257.jpg,3
1881799608.jpg,3
117226420.jpg,3
3687946395.jpg,3
2639663293.jpg,3
1467768254.jpg,3
1660278504.jpg,3
4182745953.jpg,3
641852090.jpg,3
1995342174.jpg,3
1147036458.jpg,3
94205320.jpg,3
3494906160.jpg,3
83815023.jpg,3
120153747.jpg,3
3635315825.jpg,3
154831470.jpg,3
1459667255.jpg,3
4060265637.jpg,3
2773454167.jpg,3
1892978122.jpg,3
2138386117.jpg,3
2043962950.jpg,3
773130398.jpg,3
3746453435.jpg,3
296398112.jpg,3
2627264011.jpg,3
616067166.jpg,3
4185096944.jpg,3
1840519830.jpg,3
1998802568.jpg,3
334971941.jpg,3
2988588549.jpg,3
1378833219.jpg,3
2560984671.jpg,3
3365043679.jpg,3
641096322.jpg,3
2537487749.jpg,3
2182334736.jpg,3
2037654079.jpg,3
1302223977.jpg,3
1826588021.jpg,3
1009495847.jpg,3
929286178.jpg,3
1600900862.jpg,3
2530912584.jpg,3
1776704317.jpg,3
1957481322.jpg,3
2942298229.jpg,3
3371705834.jpg,3
2534559127.jpg,3
296446823.jpg,3
1013734375.jpg,3
3449954031.jpg,3
1345964218.jpg,3
3273581839.jpg,3
441408374.jpg,3
1116229616.jpg,3
4102750438.jpg,3
3654485108.jpg,3
3216352874.jpg,3
2229564743.jpg,3
4206288054.jpg,3
2283101504.jpg,3
370864639.jpg,3
1873822026.jpg,3
1113324991.jpg,3
886212263.jpg,3
3567679401.jpg,3
829448982.jpg,3
701939948.jpg,3
1453532680.jpg,3
630454798.jpg,3
2079076752.jpg,3
3688162570.jpg,3
2927616574.jpg,3
2119378021.jpg,3
2931187107.jpg,3
2681268297.jpg,3
2937152803.jpg,3
1849963658.jpg,3
2370587478.jpg,3
2922796130.jpg,3
2577042809.jpg,3
1370342087.jpg,3
2801940685.jpg,3
554618944.jpg,3
999068805.jpg,3
2187115434.jpg,3
938595992.jpg,3
1965119616.jpg,3
3444265249.jpg,3
1852699867.jpg,3
2199149806.jpg,3
2541245392.jpg,3
2887416940.jpg,3
1878994621.jpg,3
2692570142.jpg,3
3589106075.jpg,3
742898185.jpg,3
4279248558.jpg,3
3682147172.jpg,3
3516286553.jpg,3
3312765725.jpg,3
1109109430.jpg,3
2343661462.jpg,3
2661420264.jpg,3
1561998426.jpg,3
3286430972.jpg,3
2036966083.jpg,3
827284043.jpg,3
1064635740.jpg,3
1876635789.jpg,3
2654538230.jpg,3
128596928.jpg,3
561201584.jpg,3
2687752863.jpg,3
1053293117.jpg,3
1091388730.jpg,3
4024636592.jpg,3
66571398.jpg,3
1167375452.jpg,3
2421207355.jpg,3
3542364531.jpg,3
1452139455.jpg,3
674072472.jpg,3
2856324401.jpg,3
1085931637.jpg,3
919581401.jpg,3
2042745547.jpg,3
3270245186.jpg,3
3340093291.jpg,3
850135313.jpg,3
1419604978.jpg,3
1448827431.jpg,3
2232257022.jpg,3
2375799345.jpg,3
2366210565.jpg,3
3713615029.jpg,3
1664825517.jpg,3
1352386013.jpg,3
3805606853.jpg,3
224203532.jpg,3
2188599184.jpg,3
1716221789.jpg,3
3878767715.jpg,3
314170345.jpg,3
936775758.jpg,3
541812079.jpg,3
1393253028.jpg,3
4047167362.jpg,3
3582052804.jpg,3
821706868.jpg,3
1263205653.jpg,3
1213859298.jpg,3
1986722045.jpg,3
826144344.jpg,3
1737731640.jpg,3
1756754615.jpg,3
1215749742.jpg,3
1347907652.jpg,3
1690647938.jpg,3
2884368944.jpg,3
4125025056.jpg,3
1573770874.jpg,3
1252538311.jpg,3
927454705.jpg,3
2557422012.jpg,3
2151975191.jpg,3
3117750908.jpg,3
172123475.jpg,3
3771744924.jpg,3
3956550570.jpg,3
1874987001.jpg,3
3840637397.jpg,3
1673707752.jpg,3
480420375.jpg,3
3015820348.jpg,3
2218023332.jpg,3
2257519479.jpg,3
4148746293.jpg,3
1041923025.jpg,3
3132897283.jpg,3
3415036819.jpg,3
1447209989.jpg,3
181939754.jpg,3
2755812259.jpg,3
3757070320.jpg,3
1621074094.jpg,3
1143022454.jpg,3
575135832.jpg,3
3222671567.jpg,3
2184514925.jpg,3
352262850.jpg,3
197942022.jpg,3
4089587580.jpg,3
506713297.jpg,3
2081708229.jpg,3
3237097482.jpg,3
1958104279.jpg,3
743135503.jpg,3
1352401807.jpg,3
3261335812.jpg,3
3266717103.jpg,3
195590994.jpg,3
2447057702.jpg,3
4195598174.jpg,3
3978498326.jpg,3
1834604055.jpg,3
2925148660.jpg,3
833990099.jpg,3
3015865216.jpg,3
3329805464.jpg,3
108944327.jpg,3
1602370906.jpg,3
2566043775.jpg,3
1940934200.jpg,3
138786454.jpg,3
2632442628.jpg,3
762652990.jpg,3
3666469133.jpg,3
2150679320.jpg,3
3309053365.jpg,3
1728958527.jpg,3
4193821272.jpg,3
1148976891.jpg,3
2600336593.jpg,3
2126394627.jpg,3
720076710.jpg,3
2253212784.jpg,3
525349447.jpg,3
364424510.jpg,3
622599265.jpg,3
110316351.jpg,3
2478837427.jpg,3
3644657668.jpg,3
2420952277.jpg,3
337824398.jpg,3
4092496590.jpg,3
146450021.jpg,3
2190330048.jpg,3
1127648735.jpg,3
3834880264.jpg,3
2949112902.jpg,3
3210844755.jpg,3
3318136026.jpg,3
1304829719.jpg,3
1148219268.jpg,3
2038191789.jpg,3
3976765860.jpg,3
29080398.jpg,3
3190980772.jpg,3
1809996556.jpg,3
4151340541.jpg,3
947245045.jpg,3
2731342546.jpg,3
1695222619.jpg,3
244543629.jpg,3
1050313402.jpg,3
824361434.jpg,3
863785025.jpg,3
3806925681.jpg,3
2488494933.jpg,3
41357060.jpg,3
2682555583.jpg,3
2382793101.jpg,3
446546740.jpg,3
3498789307.jpg,3
3356619304.jpg,3
3743787715.jpg,3
1072471707.jpg,3
611767283.jpg,3
1815048674.jpg,3
2830691445.jpg,3
690440568.jpg,3
707856389.jpg,3
2512000919.jpg,3
4044222946.jpg,3
2276911457.jpg,3
1417446398.jpg,3
4142973523.jpg,3
2361087670.jpg,3
2499718406.jpg,3
593986608.jpg,3
2742114843.jpg,3
2956931145.jpg,3
3495162607.jpg,3
1383656888.jpg,3
3374850417.jpg,3
2437213619.jpg,3
378894822.jpg,3
426011031.jpg,3
3781173616.jpg,3
2582401533.jpg,3
3514103579.jpg,3
1837614598.jpg,3
559693099.jpg,3
3885271451.jpg,3
427517931.jpg,3
142793456.jpg,3
587410113.jpg,3
1038916688.jpg,3
3917312205.jpg,3
1890479595.jpg,3
1994860196.jpg,3
2433407680.jpg,3
951757474.jpg,3
3885318661.jpg,3
917153346.jpg,3
2260280582.jpg,3
3293589198.jpg,3
189585547.jpg,3
237098869.jpg,3
2958062966.jpg,3
3987321075.jpg,3
2621100310.jpg,3
1976266780.jpg,3
1927309377.jpg,3
2636602591.jpg,3
23975111.jpg,3
3699018572.jpg,3
3630310282.jpg,3
1101317234.jpg,3
3164252069.jpg,3
1311965722.jpg,3
1486873366.jpg,3
104535906.jpg,3
3795291687.jpg,3
2991002425.jpg,3
287277313.jpg,3
525960141.jpg,3
1550172389.jpg,3
403963359.jpg,3
1221664353.jpg,3
2640903011.jpg,3
3704495122.jpg,3
2531011684.jpg,3
2569151619.jpg,3
266192963.jpg,3
4063439592.jpg,3
2372295675.jpg,3
975560905.jpg,3
1162161027.jpg,3
3459805310.jpg,3
1234571117.jpg,3
3400236325.jpg,3
2546067833.jpg,3
3914399588.jpg,3
3484288413.jpg,3
3995905691.jpg,3
730246469.jpg,3
974489379.jpg,3
2397511243.jpg,3
1264889950.jpg,3
3743115520.jpg,3
593295166.jpg,3
311302257.jpg,3
113115280.jpg,3
4026910494.jpg,3
611582421.jpg,3
126180843.jpg,3
1503427899.jpg,3
1660477891.jpg,3
973746900.jpg,3
2312938681.jpg,3
3419381051.jpg,3
2891831369.jpg,3
2271948413.jpg,3
2044665916.jpg,3
3428953677.jpg,3
3418761424.jpg,3
1708791164.jpg,3
2208840546.jpg,3
3421898013.jpg,3
1052881053.jpg,3
3913684904.jpg,3
1196349536.jpg,3
3937113276.jpg,3
2963992338.jpg,3
413906882.jpg,3
2252678193.jpg,3
612680278.jpg,3
1376907726.jpg,3
2962787135.jpg,3
3842620727.jpg,3
4188170872.jpg,3
1547490615.jpg,3
1014433832.jpg,3
3547635948.jpg,3
2753750335.jpg,3
4124205703.jpg,3
2372305189.jpg,3
3644786375.jpg,3
398109991.jpg,3
542875481.jpg,3
27376313.jpg,3
2917694198.jpg,3
4040156841.jpg,3
494373942.jpg,3
4210831538.jpg,3
3532602386.jpg,3
1369983957.jpg,3
1279883672.jpg,3
155660492.jpg,3
1360215464.jpg,3
2209303439.jpg,3
2404877311.jpg,3
1846294489.jpg,3
2214549486.jpg,3
1504494469.jpg,3
1713720885.jpg,3
2299589132.jpg,3
749454717.jpg,3
872791534.jpg,3
2179767086.jpg,3
3786378837.jpg,3
3169882716.jpg,3
2016905138.jpg,3
1112568678.jpg,3
2164012143.jpg,3
2351109421.jpg,3
2512953996.jpg,3
2749764674.jpg,3
2838691215.jpg,3
4242899751.jpg,3
1461335818.jpg,3
1249702391.jpg,3
3420404935.jpg,3
3044653418.jpg,3
4234424797.jpg,3
3254091350.jpg,3
562822735.jpg,3
1296460388.jpg,3
2309908274.jpg,3
1705724767.jpg,3
2389802150.jpg,3
3345535790.jpg,3
3512220415.jpg,3
1289615657.jpg,3
3277182366.jpg,3
4010133596.jpg,3
1073893170.jpg,3
3264451283.jpg,3
3194661838.jpg,3
1452672436.jpg,3
687913373.jpg,3
431956415.jpg,3
2337524208.jpg,3
2150406389.jpg,3
683096346.jpg,3
1045339937.jpg,3
3519335178.jpg,3
3497672058.jpg,3
521262022.jpg,3
2601029045.jpg,3
2800121117.jpg,3
1782862245.jpg,3
402606580.jpg,3
1568466149.jpg,3
832785383.jpg,3
1059498220.jpg,3
2318318884.jpg,3
1590942928.jpg,3
664024610.jpg,3
84878474.jpg,3
1761091007.jpg,3
694767625.jpg,3
3479436986.jpg,3
3726258018.jpg,3
2558099144.jpg,3
923294415.jpg,3
210185909.jpg,3
1211049179.jpg,3
3354624529.jpg,3
3192966266.jpg,3
3533408117.jpg,3
3593387125.jpg,3
1445981750.jpg,3
1025492337.jpg,3
2492339911.jpg,3
4090594888.jpg,3
567537807.jpg,3
279831330.jpg,3
3630227153.jpg,3
4140381716.jpg,3
2601582697.jpg,3
3640609321.jpg,3
2178075893.jpg,3
1573242622.jpg,3
1616161207.jpg,3
587329916.jpg,3
1119995789.jpg,3
1647997010.jpg,3
3186269269.jpg,3
4096334049.jpg,3
3451069987.jpg,3
813262235.jpg,3
551716959.jpg,3
3511420562.jpg,3
4060179434.jpg,3
2164873412.jpg,3
2489474149.jpg,3
3543872440.jpg,3
2120733777.jpg,3
3102452816.jpg,3
1086221210.jpg,3
2915309072.jpg,3
2491179665.jpg,3
4130015523.jpg,3
3110572972.jpg,3
1513368385.jpg,3
4186633206.jpg,3
539156114.jpg,3
1180559828.jpg,3
1799990144.jpg,3
3846724248.jpg,3
2498535927.jpg,3
2012232814.jpg,3
2025224084.jpg,3
133119904.jpg,3
3562110262.jpg,3
30339454.jpg,3
436004250.jpg,3
2823744326.jpg,3
608264330.jpg,3
920623788.jpg,3
2126689276.jpg,3
2222831550.jpg,3
2078942776.jpg,3
678943117.jpg,3
1874912757.jpg,3
282134948.jpg,3
597213250.jpg,3
354906125.jpg,3
3376184680.jpg,3
4062600395.jpg,3
2062460144.jpg,3
2750295170.jpg,3
779284958.jpg,3
2187716233.jpg,3
1943999614.jpg,3
888332390.jpg,3
117837871.jpg,3
3308311414.jpg,3
976955239.jpg,3
1990169159.jpg,3
478426425.jpg,3
1568487290.jpg,3
3223500439.jpg,3
77416532.jpg,3
2623778604.jpg,3
1656012136.jpg,3
3720319782.jpg,3
2687625618.jpg,3
1385082833.jpg,3
2647952754.jpg,3
1812352809.jpg,3
3419984011.jpg,3
770144532.jpg,3
3382391338.jpg,3
1814561933.jpg,3
4102442898.jpg,3
1149131142.jpg,3
3982972908.jpg,3
505261633.jpg,3
966432144.jpg,3
2089510627.jpg,3
3747399639.jpg,3
3600838809.jpg,3
1581083088.jpg,3
1676416724.jpg,3
166688569.jpg,3
3623482214.jpg,3
1779602100.jpg,3
2866106633.jpg,3
1207471454.jpg,3
2003067998.jpg,3
2479637031.jpg,3
3285918057.jpg,3
3037767592.jpg,3
2839716673.jpg,3
444416814.jpg,3
2293375436.jpg,3
3660194933.jpg,3
2709553419.jpg,3
3920121408.jpg,3
3308855031.jpg,3
1382329644.jpg,3
1336117857.jpg,3
3365094524.jpg,3
836310616.jpg,3
2456930353.jpg,3
2255058725.jpg,3
2905584104.jpg,3
1283026281.jpg,3
4288554103.jpg,3
1036692910.jpg,3
3634843546.jpg,3
131507385.jpg,3
3885695359.jpg,3
3914210670.jpg,3
310583515.jpg,3
3232568726.jpg,3
2715574572.jpg,3
556066757.jpg,3
3257832958.jpg,3
988306549.jpg,3
2194170986.jpg,3
546528869.jpg,3
2050186837.jpg,3
3619673783.jpg,3
2637371791.jpg,3
3660919522.jpg,3
1887341048.jpg,3
2024328143.jpg,3
1208145531.jpg,3
2917507472.jpg,3
1278246781.jpg,3
1243038432.jpg,3
1367265515.jpg,3
3718836957.jpg,3
3167715260.jpg,3
3058038323.jpg,3
4153904483.jpg,3
2077344457.jpg,3
2129978341.jpg,3
773221073.jpg,3
2323114986.jpg,3
3729595157.jpg,3
1890446979.jpg,3
2644006691.jpg,3
1820923810.jpg,3
1603131722.jpg,3
2175751790.jpg,3
3304481536.jpg,3
2645676271.jpg,3
3211666724.jpg,3
4175885310.jpg,3
4164175215.jpg,3
2680851523.jpg,3
617763677.jpg,3
3792780600.jpg,3
3377483023.jpg,3
3742361352.jpg,3
857300948.jpg,3
1618933538.jpg,3
2415890746.jpg,3
2252976900.jpg,3
4062679165.jpg,3
836430127.jpg,3
376495899.jpg,3
3572608712.jpg,3
3978633568.jpg,3
2024172583.jpg,3
2998191298.jpg,3
327041212.jpg,3
2493815329.jpg,3
1032383932.jpg,3
3555472303.jpg,3
661256835.jpg,3
4005530868.jpg,3
3115452915.jpg,3
829043523.jpg,3
2964066000.jpg,3
3732144449.jpg,3
3649128911.jpg,3
1120933008.jpg,3
125088495.jpg,3
834357600.jpg,3
3068094202.jpg,3
2648790946.jpg,4
2348826586.jpg,4
21101348.jpg,4
147082706.jpg,4
2956539470.jpg,4
2123719792.jpg,4
2189576451.jpg,4
4107144871.jpg,4
3737986834.jpg,4
2838507101.jpg,4
710791285.jpg,4
2398201969.jpg,4
2886957597.jpg,4
1991094852.jpg,4
3479006083.jpg,4
1807049681.jpg,4
1431172246.jpg,4
2308541209.jpg,4
217461618.jpg,4
388808106.jpg,4
1518295866.jpg,4
2154826831.jpg,4
1970877091.jpg,4
4283076582.jpg,4
3339442833.jpg,4
3022761015.jpg,4
1099450301.jpg,4
1083021605.jpg,4
780244327.jpg,4
2940769797.jpg,4
61074408.jpg,4
3491318122.jpg,4
2754939037.jpg,4
2206161094.jpg,4
1277679675.jpg,4
2121726779.jpg,4
4029728754.jpg,4
354756762.jpg,4
1072588150.jpg,4
2360488666.jpg,4
1478666869.jpg,4
2105592782.jpg,4
1277057359.jpg,4
3151771502.jpg,4
3714324600.jpg,4
2082157575.jpg,4
59894282.jpg,4
995123333.jpg,4
3460883505.jpg,4
3377872611.jpg,4
2340576702.jpg,4
3497908336.jpg,4
4153020952.jpg,4
457979538.jpg,4
976976000.jpg,4
1800555547.jpg,4
2618441199.jpg,4
3234532653.jpg,4
2805684148.jpg,4
302524536.jpg,4
3709090088.jpg,4
2355966180.jpg,4
1102693690.jpg,4
1763396057.jpg,4
743348334.jpg,4
93955818.jpg,4
4233592574.jpg,4
170892269.jpg,4
3665306245.jpg,4
3305821160.jpg,4
3697082770.jpg,4
2225062882.jpg,4
411955232.jpg,4
2495248330.jpg,4
1965850227.jpg,4
2401213513.jpg,4
3247645012.jpg,4
670049521.jpg,4
309920950.jpg,4
2232905491.jpg,4
675146219.jpg,4
4176445921.jpg,4
2059333078.jpg,4
3276656729.jpg,4
2781831798.jpg,4
3079888701.jpg,4
2116832558.jpg,4
1532725356.jpg,4
1611662564.jpg,4
2258065803.jpg,4
1580406201.jpg,4
1302328544.jpg,4
1067694987.jpg,4
249686764.jpg,4
3378106142.jpg,4
46965268.jpg,4
2189224346.jpg,4
3833349143.jpg,4
4251271803.jpg,4
3362743829.jpg,4
812524479.jpg,4
3973452259.jpg,4
2655556290.jpg,4
3063789590.jpg,4
2792441656.jpg,4
1270179035.jpg,4
3291696815.jpg,4
2179057801.jpg,4
3784450324.jpg,4
2906577279.jpg,4
3604550259.jpg,4
3964029612.jpg,4
2715221153.jpg,4
2150118983.jpg,4
3085561722.jpg,4
1916594362.jpg,4
2856542971.jpg,4
2084810608.jpg,4
4000198689.jpg,4
1361129876.jpg,4
4252410554.jpg,4
2823935203.jpg,4
2708373940.jpg,4
3703439317.jpg,4
1316805765.jpg,4
517170612.jpg,4
3134964669.jpg,4
172872674.jpg,4
340110323.jpg,4
1300823152.jpg,4
4095924422.jpg,4
2982657452.jpg,4
4046661202.jpg,4
813217011.jpg,4
384773120.jpg,4
2039512472.jpg,4
2757300199.jpg,4
867025399.jpg,4
3773184372.jpg,4
3749674341.jpg,4
2857776257.jpg,4
4286577227.jpg,4
3571912380.jpg,4
2291300428.jpg,4
4046910331.jpg,4
2458565094.jpg,4
1143964354.jpg,4
1966061216.jpg,4
267904568.jpg,4
455328033.jpg,4
4075237855.jpg,4
1216540575.jpg,4
2765109909.jpg,4
1667294993.jpg,4
1870606014.jpg,4
2984109922.jpg,4
1329201937.jpg,4
3416552356.jpg,4
4165290692.jpg,4
3917172098.jpg,4
2360028661.jpg,4
4145869943.jpg,4
4049843068.jpg,4
129262656.jpg,4
1997187079.jpg,4
1763486772.jpg,4
3219569392.jpg,4
2022806840.jpg,4
2779488398.jpg,4
1276561660.jpg,4
1852697554.jpg,4
1735838200.jpg,4
226029154.jpg,4
2181259401.jpg,4
2189140444.jpg,4
4168975711.jpg,4
3126696143.jpg,4
2499466480.jpg,4
2128581284.jpg,4
3902577668.jpg,4
673860639.jpg,4
2846421039.jpg,4
3406720343.jpg,4
4173729579.jpg,4
89450181.jpg,4
3668854435.jpg,4
1417356734.jpg,4
1348163694.jpg,4
487710367.jpg,4
1269550303.jpg,4
2768412098.jpg,4
2307217723.jpg,4
2857852888.jpg,4
3325973632.jpg,4
3915084203.jpg,4
3466335859.jpg,4
3339923406.jpg,4
3529087945.jpg,4
3463523179.jpg,4
970946808.jpg,4
2795176492.jpg,4
4043076131.jpg,4
1891755915.jpg,4
903252353.jpg,4
1171418212.jpg,4
1317487445.jpg,4
4266959009.jpg,4
2326873533.jpg,4
2187563548.jpg,4
2033655713.jpg,4
2651038691.jpg,4
1077728760.jpg,4
1344226593.jpg,4
3542289007.jpg,4
3456823667.jpg,4
3798090445.jpg,4
52417145.jpg,4
689108493.jpg,4
3585984436.jpg,4
1437341132.jpg,4
2599969213.jpg,4
584853244.jpg,4
3393956189.jpg,4
302115319.jpg,4
1319252065.jpg,4
3442513768.jpg,4
881299929.jpg,4
1738379259.jpg,4
631563709.jpg,4
2457355421.jpg,4
1694570941.jpg,4
56135051.jpg,4
349583210.jpg,4
3703204136.jpg,4
1442268656.jpg,4
1629406213.jpg,4
2862573284.jpg,4
1328015019.jpg,4
3620010252.jpg,4
3645381564.jpg,4
2735085014.jpg,4
1853028167.jpg,4
2156386788.jpg,4
1365612235.jpg,4
361834940.jpg,4
2282336130.jpg,4
237925973.jpg,4
6442965.jpg,4
557056564.jpg,4
1473438422.jpg,4
2446248969.jpg,4
2605912286.jpg,4
902300140.jpg,4
3624585.jpg,4
3092276386.jpg,4
714791504.jpg,4
1947904134.jpg,4
191073475.jpg,4
1834483972.jpg,4
3620351834.jpg,4
2527296327.jpg,4
2782942352.jpg,4
3455486710.jpg,4
419708385.jpg,4
1376091294.jpg,4
1148629594.jpg,4
1364063429.jpg,4
4075436598.jpg,4
499499899.jpg,4
2642446422.jpg,4
1823201205.jpg,4
2516099863.jpg,4
4224616597.jpg,4
388811074.jpg,4
3643261845.jpg,4
3792024125.jpg,4
939773003.jpg,4
2832912190.jpg,4
2704844325.jpg,4
2260577745.jpg,4
2524662957.jpg,4
3078964330.jpg,4
652381513.jpg,4
2216366508.jpg,4
999998473.jpg,4
1847901285.jpg,4
2090702902.jpg,4
4106389238.jpg,4
2254310915.jpg,4
1047154095.jpg,4
1681274509.jpg,4
2248319472.jpg,4
3001133912.jpg,4
2889748854.jpg,4
1533215166.jpg,4
2142992394.jpg,4
464249040.jpg,4
1679578972.jpg,4
2431415205.jpg,4
401824702.jpg,4
1998817609.jpg,4
1785258205.jpg,4
3976477069.jpg,4
1346909762.jpg,4
1170371662.jpg,4
4051003869.jpg,4
3269782382.jpg,4
1655630395.jpg,4
3318816619.jpg,4
1364435251.jpg,4
3724895010.jpg,4
2815296701.jpg,4
2681562878.jpg,4
693609543.jpg,4
3343671398.jpg,4
1983454737.jpg,4
3911343198.jpg,4
2607761744.jpg,4
4113552103.jpg,4
1650247048.jpg,4
3588796233.jpg,4
2539791726.jpg,4
1623430367.jpg,4
4084600785.jpg,4
3099277149.jpg,4
1977466275.jpg,4
179171196.jpg,4
396625328.jpg,4
2515947948.jpg,4
4072033035.jpg,4
1695601618.jpg,4
1641316249.jpg,4
829062180.jpg,4
2447086641.jpg,4
3162830906.jpg,4
1158328538.jpg,4
2531128375.jpg,4
770913881.jpg,4
1377344118.jpg,4
1562573948.jpg,4
2518671335.jpg,4
566542293.jpg,4
4100598870.jpg,4
1280298978.jpg,4
2946977526.jpg,4
3059290007.jpg,4
614085740.jpg,4
2748770173.jpg,4
284270936.jpg,4
2781593135.jpg,4
3728785468.jpg,4
284130814.jpg,4
1957897144.jpg,4
1433652364.jpg,4
1224742642.jpg,4
3667619405.jpg,4
4059786587.jpg,4
2684339934.jpg,4
1729836525.jpg,4
2800062911.jpg,4
3651447352.jpg,4
535314273.jpg,4
1870627097.jpg,4
2556565075.jpg,4
2079838648.jpg,4
686503891.jpg,4
3099435393.jpg,4
1361142044.jpg,4
3068464619.jpg,4
792936600.jpg,4
3910162936.jpg,4
335513070.jpg,4
255058477.jpg,4
1503832819.jpg,4
3628996963.jpg,4
473737593.jpg,4
1046703257.jpg,4
350475912.jpg,4
3831871308.jpg,4
2757749488.jpg,4
1930611889.jpg,4
236428559.jpg,4
74571802.jpg,4
2621080584.jpg,4
1249688756.jpg,4
3783039310.jpg,4
2489350383.jpg,4
664943933.jpg,4
2321561493.jpg,4
2745407686.jpg,4
1485753217.jpg,4
1668160531.jpg,4
1621362988.jpg,4
4195466993.jpg,4
256879152.jpg,4
348249198.jpg,4
691829328.jpg,4
1515921207.jpg,4
3221754335.jpg,4
1315698965.jpg,4
2932250281.jpg,4
3980819954.jpg,4
1788421624.jpg,4
3094965725.jpg,4
1638861203.jpg,4
616740640.jpg,4
288071387.jpg,4
2619668499.jpg,4
1083535091.jpg,4
2621446667.jpg,4
1848945988.jpg,4
3574308503.jpg,4
4276709796.jpg,4
1304633262.jpg,4
1340186286.jpg,4
3957807023.jpg,4
2312397172.jpg,4
737529075.jpg,4
4277157912.jpg,4
692398741.jpg,4
2291266654.jpg,4
1469167700.jpg,4
3185116011.jpg,4
495907528.jpg,4
3311927682.jpg,4
3384499774.jpg,4
1098441542.jpg,4
846277174.jpg,4
165826808.jpg,4
1216982810.jpg,4
993984792.jpg,4
2468021699.jpg,4
2992863090.jpg,4
698154366.jpg,4
3251222806.jpg,4
1341694459.jpg,4
90670123.jpg,4
3571405769.jpg,4
1685677129.jpg,4
215336631.jpg,4
1859104179.jpg,4
3767372651.jpg,4
561131295.jpg,4
3468269778.jpg,4
175171305.jpg,4
3246576507.jpg,4
3430441640.jpg,4
1410738568.jpg,4
1803767291.jpg,4
325567514.jpg,4
1745816126.jpg,4
3852956252.jpg,4
4157582812.jpg,4
2816524205.jpg,4
1473523576.jpg,4
3594347232.jpg,4
298056095.jpg,4
778751547.jpg,4
648590846.jpg,4
450217405.jpg,4
1372417670.jpg,4
1613820742.jpg,4
657542940.jpg,4
1672251151.jpg,4
1106559016.jpg,4
3386572570.jpg,4
3882641600.jpg,4
376932028.jpg,4
3541933479.jpg,4
2604034775.jpg,4
1923898414.jpg,4
2971198259.jpg,4
964655123.jpg,4
3356818703.jpg,4
2914141395.jpg,4
1235142158.jpg,4
1696535183.jpg,4
285510600.jpg,4
3609986814.jpg,4
1906106521.jpg,4
332662053.jpg,4
1814601844.jpg,4
1733293864.jpg,4
518398469.jpg,4
2028506424.jpg,4
1915044107.jpg,4
2373129151.jpg,4
1668873896.jpg,4
1729891245.jpg,4
1688625660.jpg,4
1264302367.jpg,4
1599665158.jpg,4
4084684483.jpg,4
1927778435.jpg,4
3172927521.jpg,4
1267796913.jpg,4
3982368414.jpg,4
2980893698.jpg,4
4209668687.jpg,4
1762956560.jpg,4
107608677.jpg,4
1096438409.jpg,4
2558491910.jpg,4
3344412896.jpg,4
3403835665.jpg,4
107466550.jpg,4
2191328263.jpg,4
795263399.jpg,4
69869891.jpg,4
443211656.jpg,4
1194042617.jpg,4
338729354.jpg,4
2323728288.jpg,4
3953901317.jpg,4
1044930186.jpg,4
700919274.jpg,4
547866885.jpg,4
3492114933.jpg,4
4291924776.jpg,4
152599670.jpg,4
294640779.jpg,4
631607680.jpg,4
391364557.jpg,4
2990618706.jpg,4
4193954616.jpg,4
527619168.jpg,4
2120206845.jpg,4
2975904009.jpg,4
1348307468.jpg,4
2548552862.jpg,4
2875593813.jpg,4
1966385524.jpg,4
3153794511.jpg,4
1509149905.jpg,4
927165736.jpg,4
3915770795.jpg,4
3519124623.jpg,4
1922719796.jpg,4
2225635651.jpg,4
2278743818.jpg,4
2099304233.jpg,4
3611961543.jpg,4
4187343844.jpg,4
2599716622.jpg,4
1998118528.jpg,4
2344766370.jpg,4
1886828385.jpg,4
4022972553.jpg,4
82290706.jpg,4
620825319.jpg,4
3240471476.jpg,4
1888672105.jpg,4
3203849568.jpg,4
2655690235.jpg,4
1190620431.jpg,4
4156350478.jpg,4
315046129.jpg,4
1608599582.jpg,4
2720327144.jpg,4
3653619329.jpg,4
3805830184.jpg,4
1748981350.jpg,4
3474960927.jpg,4
1494523424.jpg,4
3742113843.jpg,4
1442310291.jpg,4
728024398.jpg,4
3558865995.jpg,4
2462343820.jpg,4
4036237704.jpg,4
3044190781.jpg,4
1329083657.jpg,4
3560558038.jpg,4
513986084.jpg,4
2645604766.jpg,4
1122970967.jpg,4
2604770310.jpg,4
1385808202.jpg,4
3310982329.jpg,4
143205841.jpg,4
2484530081.jpg,4
745566741.jpg,4
1633620342.jpg,4
1709404074.jpg,4
2218891230.jpg,4
4197924159.jpg,4
860415279.jpg,4
3946349972.jpg,4
2602035083.jpg,4
99056821.jpg,4
2504430507.jpg,4
1410225488.jpg,4
2414261693.jpg,4
3931881539.jpg,4
256795262.jpg,4
1033962303.jpg,4
3259817213.jpg,4
3402201686.jpg,4
4280760906.jpg,4
4007234267.jpg,4
2787596075.jpg,4
3063664576.jpg,4
3736110104.jpg,4
2280394057.jpg,4
3381887181.jpg,4
2839228150.jpg,4
2658482776.jpg,4
3165944618.jpg,4
1328164078.jpg,4
1889796065.jpg,4
857934902.jpg,4
352468512.jpg,4
1445324291.jpg,4
3751819618.jpg,4
3007927224.jpg,4
4032903735.jpg,4
3085440105.jpg,4
1497799028.jpg,4
803734282.jpg,4
3205640765.jpg,4
3237815335.jpg,4
460359141.jpg,4
4051216052.jpg,4
2495696935.jpg,4
1963440956.jpg,4
3430083704.jpg,4
1989789271.jpg,4
4054666662.jpg,4
1299050149.jpg,4
1276900213.jpg,4
2249361509.jpg,4
747770020.jpg,4
3577187521.jpg,4
4034498053.jpg,4
2142685227.jpg,4
1198521073.jpg,4
1493133127.jpg,4
3658535011.jpg,4
2064463834.jpg,4
2548136673.jpg,4
1457571171.jpg,4
1950403407.jpg,4
1552927795.jpg,4
2971637330.jpg,4
708801738.jpg,4
2217052416.jpg,4
127742871.jpg,4
1648724139.jpg,4
4162062319.jpg,4
4150333729.jpg,4
4103867773.jpg,4
2571654176.jpg,4
1290835464.jpg,4
3214130849.jpg,4
840541858.jpg,4
3588363246.jpg,4
3892268539.jpg,4
3693752040.jpg,4
872498616.jpg,4
2021948804.jpg,4
1739769852.jpg,4
3662018109.jpg,4
274385992.jpg,4
645748752.jpg,4
832729024.jpg,4
3602830290.jpg,4
3854923530.jpg,4
4252015282.jpg,4
1179908738.jpg,4
3463125654.jpg,4
1412272619.jpg,4
526290781.jpg,4
860380969.jpg,4
3913726538.jpg,4
729230062.jpg,4
2064710008.jpg,4
2195289519.jpg,4
2742945698.jpg,4
1532615848.jpg,4
3117103007.jpg,4
1835974960.jpg,4
292381950.jpg,4
2722083312.jpg,4
3470374968.jpg,4
2988359153.jpg,4
1309174561.jpg,4
367042340.jpg,4
1182693918.jpg,4
1422781530.jpg,4
1862072615.jpg,4
3022329873.jpg,4
3408566327.jpg,4
3788064831.jpg,4
1397843043.jpg,4
2527520202.jpg,4
2365362415.jpg,4
1524470833.jpg,4
511089845.jpg,4
2252529694.jpg,4
4041427827.jpg,4
193958679.jpg,4
3451141305.jpg,4
2293555812.jpg,4
1428302810.jpg,4
4167436274.jpg,4
4035835394.jpg,4
405323789.jpg,4
2883095931.jpg,4
1642673136.jpg,4
3864050647.jpg,4
2945358749.jpg,4
716814677.jpg,4
679887404.jpg,4
1095247638.jpg,4
3601095535.jpg,4
3973123989.jpg,4
3385811418.jpg,4
2704191528.jpg,4
1340999953.jpg,4
3491035063.jpg,4
2927894622.jpg,4
4057082743.jpg,4
2445684335.jpg,4
3051314649.jpg,4
2196411231.jpg,4
416297686.jpg,4
581030887.jpg,4
1543608329.jpg,4
778101302.jpg,4
3418246039.jpg,4
3397396466.jpg,4
1438039429.jpg,4
1887611865.jpg,4
3340835800.jpg,4
1155507570.jpg,4
2336439281.jpg,4
2074319088.jpg,4
2578332462.jpg,4
3342257718.jpg,4
1804238623.jpg,4
4146003606.jpg,4
2261494787.jpg,4
83870062.jpg,4
1950245943.jpg,4
553826173.jpg,4
1291425796.jpg,4
3184292480.jpg,4
2511579801.jpg,4
3151081789.jpg,4
2490423956.jpg,4
3815961556.jpg,4
2306958461.jpg,4
1766436653.jpg,4
4286169099.jpg,4
2773097788.jpg,4
3188367087.jpg,4
424257956.jpg,4
1908074016.jpg,4
2617211623.jpg,4
980448273.jpg,4
1236952675.jpg,4
3466878993.jpg,4
3985539982.jpg,4
2883197324.jpg,4
4102729978.jpg,4
2416129952.jpg,4
672149291.jpg,4
1043086898.jpg,4
1250532785.jpg,4
645991519.jpg,4
1485229040.jpg,4
4262629224.jpg,4
811732946.jpg,4
3937810828.jpg,4
1679984529.jpg,4
911861181.jpg,4
93993180.jpg,4
3822317149.jpg,4
1956034762.jpg,4
3198640904.jpg,4
1461642951.jpg,4
1510478103.jpg,4
1824197654.jpg,4
3118623824.jpg,4
4157923017.jpg,4
2761327617.jpg,4
1450903179.jpg,4
1428569100.jpg,4
2021981725.jpg,4
3040986534.jpg,4
1940410728.jpg,4
4169005982.jpg,4
3875177069.jpg,4
3773593656.jpg,4
727949301.jpg,4
3184771451.jpg,4
4279177464.jpg,4
2224228735.jpg,4
350584113.jpg,4
3145689782.jpg,4
719562902.jpg,4
4131457294.jpg,4
3031973712.jpg,4
2795132787.jpg,4
1019398233.jpg,4
290799533.jpg,4
657424989.jpg,4
1772879705.jpg,4
1620397384.jpg,4
561864770.jpg,4
1466028041.jpg,4
3969928849.jpg,4
2348376620.jpg,4
3788771379.jpg,4
2394770217.jpg,4
3324977995.jpg,4
1551832583.jpg,4
849182498.jpg,4
3567421807.jpg,4
2199327268.jpg,4
2597318244.jpg,4
2551400467.jpg,4
4031321038.jpg,4
1381973639.jpg,4
3229676096.jpg,4
491244285.jpg,4
2506348944.jpg,4
1632014154.jpg,4
1331226893.jpg,4
1524278014.jpg,4
2826122413.jpg,4
3321193739.jpg,4
1012902365.jpg,4
3688735381.jpg,4
1469175825.jpg,4
1445369057.jpg,4
1649231975.jpg,4
116338302.jpg,4
3365264596.jpg,4
1186910590.jpg,4
2590893503.jpg,4
3462747162.jpg,4
49703968.jpg,4
3537938630.jpg,4
3963917355.jpg,4
2908034482.jpg,4
1178737001.jpg,4
620158263.jpg,4
208435588.jpg,4
2278416618.jpg,4
3468010447.jpg,4
731031258.jpg,4
2482242374.jpg,4
690125781.jpg,4
1991955434.jpg,4
698646619.jpg,4
432371484.jpg,4
3589093765.jpg,4
1459278356.jpg,4
1882473489.jpg,4
1695184578.jpg,4
347862395.jpg,4
1073915000.jpg,4
3888912096.jpg,4
681211585.jpg,4
1832209153.jpg,4
1127920784.jpg,4
2019072714.jpg,4
84269918.jpg,4
320018774.jpg,4
847938979.jpg,4
3559812873.jpg,4
2809677329.jpg,4
217699633.jpg,4
420749600.jpg,4
1442862093.jpg,4
764879606.jpg,4
1821756534.jpg,4
378819358.jpg,4
584513475.jpg,4
1744206889.jpg,4
1532462284.jpg,4
646841236.jpg,4
4240036351.jpg,4
1395866975.jpg,4
2154826200.jpg,4
1100677588.jpg,4
2916689767.jpg,4
3869408144.jpg,4
1092828758.jpg,4
1583452886.jpg,4
2344592304.jpg,4
1496786758.jpg,4
3476880261.jpg,4
3329131799.jpg,4
1753806581.jpg,4
3643017082.jpg,4
3043906559.jpg,4
1996736745.jpg,4
2587185641.jpg,4
